0.000,0.000,0.000,0.000,0.000,0.00,1.00,0,735,0.00|0.00|0.00|0.00
0.034,0.000,0.000,0.000,0.000,0.00,1.00,0,735,0.00|0.00|0.00|0.00
0.067,0.000,0.000,0.001,0.000,0.00,1.00,0,736,0.00|0.00|0.00|0.00
0.100,0.000,0.000,0.000,0.000,0.00,1.00,0,736,0.00|0.00|0.00|0.00
0.133,0.000,0.000,0.000,0.000,0.00,1.00,0,735,0.00|0.00|0.00|0.00
0.167,0.000,0.000,0.000,0.000,0.00,1.00,0,734,0.00|0.00|0.00|0.00
0.200,0.000,0.000,0.000,0.000,0.00,1.00,0,734,0.00|0.00|0.00|0.00
0.233,0.001,0.000,0.000,0.000,0.00,1.00,0,733,0.00|0.00|0.00|0.00
0.267,0.000,0.000,0.000,0.000,0.00,1.00,0,732,0.00|0.00|0.00|0.00
0.300,0.000,0.000,0.000,0.000,0.00,1.00,0,731,0.00|0.00|0.00|0.00
0.333,0.000,0.000,0.000,0.000,0.00,1.00,0,732,0.00|0.00|0.00|0.00
0.367,0.000,0.000,0.000,0.000,0.00,1.00,0,733,0.00|0.00|0.00|0.00
0.400,0.000,0.000,0.000,0.000,0.00,1.00,0,733,0.00|0.00|0.00|0.00
0.433,0.000,0.000,0.000,0.000,0.00,1.00,0,732,0.00|0.00|0.00|0.00
0.467,0.000,0.000,0.000,0.000,0.00,1.00,0,731,0.00|0.00|0.00|0.00
0.500,0.000,0.000,0.000,0.000,0.00,1.00,0,731,0.00|0.00|0.00|0.00
0.533,0.000,0.000,0.000,0.000,0.00,1.00,0,730,0.00|0.00|0.00|0.00
0.567,0.000,0.000,0.001,0.000,0.00,1.00,0,729,0.00|0.00|0.00|0.00
0.600,0.000,0.000,0.001,0.000,0.00,1.00,0,728,0.00|0.00|0.00|0.00
0.633,0.000,0.000,0.000,0.000,0.00,1.00,0,728,0.00|0.00|0.00|0.00
0.667,0.000,0.000,0.000,0.000,0.00,1.00,0,727,0.00|0.00|0.00|0.00
0.700,0.000,0.000,0.000,0.000,0.00,1.00,0,727,0.00|0.00|0.00|0.00
0.733,0.000,0.000,0.000,0.000,0.00,1.00,0,725,0.00|0.00|0.00|0.00
0.767,0.000,0.000,0.000,0.000,0.00,1.00,0,725,0.00|0.00|0.00|0.00
0.800,0.000,0.000,0.001,0.000,0.00,1.00,0,726,0.00|0.00|0.00|0.00
0.833,0.000,0.000,0.000,0.000,0.00,1.00,0,726,0.00|0.00|0.00|0.00
0.867,0.000,0.000,0.000,0.000,0.00,1.00,0,727,0.00|0.00|0.00|0.00
0.900,0.000,0.000,0.000,0.000,0.00,1.00,0,726,0.00|0.00|0.00|0.00
0.933,0.001,0.000,0.000,0.000,0.00,1.00,0,726,0.00|0.00|0.00|0.00
0.967,0.000,0.000,0.000,0.000,0.00,1.00,0,727,0.00|0.00|0.00|0.00
1.000,0.000,0.000,0.001,0.000,0.00,1.00,0,728,0.00|0.00|0.00|0.00
1.033,0.000,0.000,0.000,0.000,0.00,1.00,0,729,0.00|0.00|0.00|0.00
1.067,0.000,0.000,0.000,0.000,0.00,1.00,0,731,0.00|0.00|0.00|0.00
1.100,0.000,0.000,0.000,0.000,0.00,1.00,0,731,0.00|0.00|0.00|0.00
1.133,0.000,0.000,0.000,0.000,0.00,1.00,0,732,0.00|0.00|0.00|0.00
1.167,0.000,0.000,0.000,0.000,0.00,1.00,0,732,0.00|0.00|0.00|0.00
1.200,0.000,0.000,0.000,0.000,0.00,1.00,0,733,0.00|0.00|0.00|0.00
1.233,0.000,0.000,0.000,0.000,0.00,1.00,0,735,0.00|0.00|0.00|0.00
1.267,0.000,0.000,0.000,0.000,0.00,1.00,0,736,0.00|0.00|0.00|0.00
1.300,0.000,0.000,0.000,0.000,0.00,1.00,0,737,0.00|0.00|0.00|0.00
1.333,0.000,0.000,0.000,0.000,0.00,1.00,0,738,0.00|0.00|0.00|0.00
1.367,0.000,0.000,0.000,0.000,0.00,1.00,0,737,0.00|0.00|0.00|0.00
1.400,0.000,0.000,0.000,0.000,0.00,1.00,0,737,0.00|0.00|0.00|0.00
1.433,0.000,0.000,0.000,0.000,0.00,1.00,0,736,0.00|0.00|0.00|0.00
1.467,0.000,0.000,0.000,0.000,0.00,1.00,0,736,0.00|0.00|0.00|0.00
1.500,0.000,0.000,0.000,0.000,0.00,1.00,0,734,0.00|0.00|0.00|0.00
1.533,0.000,0.000,0.000,0.000,0.00,1.00,0,733,0.00|0.00|0.00|0.00
1.567,0.000,0.000,0.000,0.000,0.00,1.00,0,732,0.00|0.00|0.00|0.00
1.600,0.000,0.000,0.000,0.000,0.00,1.00,0,731,0.00|0.00|0.00|0.00
1.633,0.000,0.000,0.000,0.000,0.00,1.00,0,731,0.00|0.00|0.00|0.00
1.667,0.000,0.000,0.001,0.000,0.00,1.00,0,731,0.00|0.00|0.00|0.00
1.700,0.000,0.000,0.000,0.000,0.00,1.00,0,731,0.00|0.00|0.00|0.00
1.733,0.000,0.000,0.000,0.000,0.00,1.00,0,730,0.00|0.00|0.00|0.00
1.767,0.001,0.000,0.000,0.000,0.00,1.00,0,730,0.00|0.00|0.00|0.00
1.800,0.000,0.000,0.000,0.000,0.00,1.00,0,730,0.00|0.00|0.00|0.00
1.833,0.000,0.000,0.000,0.000,0.00,1.00,0,731,0.00|0.00|0.00|0.00
1.867,0.001,0.000,0.000,0.000,0.00,1.00,0,733,0.00|0.00|0.00|0.00
1.900,0.000,0.000,0.000,0.000,0.00,1.00,0,734,0.00|0.00|0.00|0.00
1.933,0.000,0.000,0.000,0.000,0.00,1.00,0,733,0.00|0.00|0.00|0.00
1.967,0.001,0.000,0.000,0.000,0.00,1.00,0,733,0.00|0.00|0.00|0.00
2.000,0.000,0.000,0.000,0.000,0.00,1.00,0,734,0.00|0.00|0.00|0.00
2.033,0.000,0.000,0.000,0.000,0.00,1.00,0,734,0.00|0.00|0.00|0.00
2.067,0.000,0.000,0.000,0.000,0.00,1.00,0,734,0.00|0.00|0.00|0.00
2.100,0.000,0.000,0.000,0.000,0.00,1.00,0,734,0.00|0.00|0.00|0.00
2.133,0.000,0.000,0.000,0.000,0.00,1.00,0,734,0.00|0.00|0.00|0.00
2.167,0.000,0.000,0.000,0.000,0.00,1.00,0,734,0.00|0.00|0.00|0.00
2.200,0.000,0.000,0.000,0.000,0.00,1.00,0,733,0.00|0.00|0.00|0.00
2.233,0.000,0.000,0.000,0.000,0.00,1.00,0,732,0.00|0.00|0.00|0.00
2.267,0.001,0.000,0.000,0.000,0.00,1.00,0,730,0.00|0.00|0.00|0.00
2.300,0.000,0.000,0.000,0.000,0.00,1.00,0,730,0.00|0.00|0.00|0.00
2.333,0.000,0.000,0.000,0.000,0.00,1.00,0,728,0.00|0.00|0.00|0.00
2.367,0.000,0.000,0.000,0.000,0.00,1.00,0,728,0.00|0.00|0.00|0.00
2.400,0.000,0.000,0.000,0.000,0.00,1.00,0,729,0.00|0.00|0.00|0.00
2.433,0.000,0.000,0.000,0.000,0.00,1.00,0,730,0.00|0.00|0.00|0.00
2.467,0.000,0.000,0.000,0.000,0.00,1.00,0,731,0.00|0.00|0.00|0.00
2.500,0.000,0.000,0.001,0.000,0.00,1.00,0,731,0.00|0.00|0.00|0.00
2.533,0.000,0.000,0.000,0.000,0.00,1.00,0,733,0.00|0.00|0.00|0.00
2.567,0.000,0.000,0.000,0.000,0.00,1.00,0,734,0.00|0.00|0.00|0.00
2.600,0.000,0.000,0.000,0.000,0.00,1.00,0,735,0.00|0.00|0.00|0.00
2.633,0.000,0.000,0.001,0.000,0.00,1.00,0,736,0.00|0.00|0.00|0.00
2.667,0.000,0.000,0.000,0.000,0.00,1.00,0,736,0.00|0.00|0.00|0.00
2.700,0.000,0.000,0.000,0.000,0.00,1.00,0,735,0.00|0.00|0.00|0.00
2.733,0.000,0.000,0.001,0.000,0.00,1.00,0,734,0.00|0.00|0.00|0.00
2.767,0.000,0.000,0.000,0.000,0.00,1.00,0,733,0.00|0.00|0.00|0.00
2.800,0.000,0.000,0.000,0.000,0.00,1.00,0,732,0.00|0.00|0.00|0.00
2.833,0.001,0.000,0.000,0.000,0.00,1.00,0,733,0.00|0.00|0.00|0.00
2.867,0.000,0.000,0.000,0.000,0.00,1.00,0,732,0.00|0.00|0.00|0.00
2.900,0.000,0.000,0.000,0.000,0.00,1.00,0,731,0.00|0.00|0.00|0.00
2.933,0.001,0.000,0.000,0.000,0.00,1.00,0,731,0.00|0.00|0.00|0.00
2.967,0.000,0.000,0.000,0.000,0.00,1.00,0,731,0.00|0.00|0.00|0.00
3.000,0.000,0.000,0.000,0.000,0.00,1.00,0,732,0.00|0.00|0.00|0.00
3.033,0.000,0.000,0.000,0.000,0.00,1.00,0,731,0.00|0.00|0.00|0.00
3.067,0.000,0.000,0.000,0.000,0.00,1.00,0,730,0.00|0.00|0.00|0.00
3.100,0.000,0.000,0.000,0.000,0.00,1.00,0,729,0.00|0.00|0.00|0.00
3.133,0.000,0.000,0.000,0.000,0.00,1.00,0,728,0.00|0.00|0.00|0.00
3.167,0.001,0.000,0.000,0.000,0.00,1.00,0,727,0.00|0.00|0.00|0.00
3.200,0.000,0.000,0.000,0.000,0.00,1.00,0,727,0.00|0.00|0.00|0.00
3.233,0.000,0.000,0.000,0.000,0.00,1.00,0,727,0.00|0.00|0.00|0.00
3.267,0.000,0.000,0.000,0.000,0.00,1.00,0,727,0.00|0.00|0.00|0.00
3.300,0.000,0.000,0.000,0.000,0.00,1.00,0,727,0.00|0.00|0.00|0.00
3.333,0.000,0.000,0.000,0.000,0.00,1.00,0,728,0.00|0.00|0.00|0.00
3.367,0.000,0.000,0.000,0.000,0.00,1.00,0,729,0.00|0.00|0.00|0.00
3.400,0.000,0.000,0.000,0.000,0.00,1.00,0,729,0.00|0.00|0.00|0.00
3.433,0.000,0.000,0.000,0.000,0.00,1.00,0,729,0.00|0.00|0.00|0.00
3.467,0.000,0.000,0.000,0.000,0.00,1.00,0,728,0.00|0.00|0.00|0.00
3.500,0.000,0.000,0.000,0.000,0.00,1.00,0,727,0.00|0.00|0.00|0.00
3.533,0.000,0.000,0.000,0.000,0.00,1.00,0,727,0.00|0.00|0.00|0.00
3.567,0.000,0.000,0.001,0.000,0.00,1.00,0,726,0.00|0.00|0.00|0.00
3.600,0.000,0.000,0.000,0.000,0.00,1.00,0,726,0.00|0.00|0.00|0.00
3.633,0.000,0.000,0.000,0.000,0.00,1.00,0,727,0.00|0.00|0.00|0.00
3.667,0.001,0.000,0.001,0.000,0.00,1.00,0,727,0.00|0.00|0.00|0.00
3.700,0.000,0.000,0.000,0.000,0.00,1.00,0,726,0.00|0.00|0.00|0.00
3.733,0.000,0.000,0.000,0.000,0.00,1.00,0,727,0.00|0.00|0.00|0.00
3.767,0.000,0.000,0.000,0.000,0.00,1.00,0,727,0.00|0.00|0.00|0.00
3.800,0.000,0.000,0.001,0.000,0.00,1.00,0,727,0.00|0.00|0.00|0.00
3.833,0.000,0.000,0.000,0.000,0.00,1.00,0,728,0.00|0.00|0.00|0.00
3.867,0.000,0.000,0.000,0.000,0.00,1.00,0,728,0.00|0.00|0.00|0.00
3.900,0.001,0.000,0.000,0.000,0.00,1.00,0,728,0.00|0.00|0.00|0.00
3.933,0.000,0.000,0.000,0.000,0.00,1.00,0,729,0.00|0.00|0.00|0.00
3.967,0.000,0.000,0.000,0.000,0.00,1.00,0,731,0.00|0.00|0.00|0.00
4.000,0.000,0.000,0.001,0.000,0.00,1.00,0,732,0.00|0.00|0.00|0.00
4.033,0.000,0.000,0.000,0.000,0.00,1.00,0,735,0.00|0.00|0.00|0.00
4.067,0.000,0.000,0.000,0.000,0.00,1.00,0,736,0.00|0.00|0.00|0.00
4.100,0.001,0.000,0.000,0.000,0.00,1.00,0,737,0.00|0.00|0.00|0.00
4.133,0.000,0.000,0.000,0.000,0.00,1.00,0,737,0.00|0.00|0.00|0.00
4.167,0.000,0.000,0.000,0.000,0.00,1.00,0,737,0.00|0.00|0.00|0.00
4.200,0.000,0.000,0.000,0.000,0.00,1.00,0,738,0.00|0.00|0.00|0.00
4.233,0.000,0.000,0.000,0.000,0.00,1.00,0,737,0.00|0.00|0.00|0.00
4.267,0.000,0.000,0.000,0.000,0.00,1.00,0,738,0.00|0.00|0.00|0.00
4.300,0.000,0.000,0.000,0.000,0.00,1.00,0,737,0.00|0.00|0.00|0.00
4.333,0.000,0.000,0.000,0.000,0.00,1.00,0,736,0.00|0.00|0.00|0.00
4.367,0.000,0.000,0.000,0.000,0.00,1.00,0,735,0.00|0.00|0.00|0.00
4.400,0.001,0.000,0.000,0.000,0.00,1.00,0,735,0.00|0.00|0.00|0.00
4.433,0.000,0.000,0.000,0.000,0.00,1.00,0,735,0.00|0.00|0.00|0.00
4.467,0.001,0.000,0.001,0.000,0.00,1.00,0,734,0.00|0.00|0.00|0.00
4.500,0.000,0.000,0.000,0.000,0.00,1.00,0,735,0.00|0.00|0.00|0.00
4.533,0.000,0.000,0.000,0.000,0.00,1.00,0,736,0.00|0.00|0.00|0.00
4.567,0.000,0.000,0.001,0.000,0.00,1.00,0,736,0.00|0.00|0.00|0.00
4.600,0.000,0.000,0.000,0.000,0.00,1.00,0,736,0.00|0.00|0.00|0.00
4.633,0.000,0.000,0.000,0.000,0.00,1.00,0,738,0.00|0.00|0.00|0.00
4.667,0.000,0.000,0.000,0.000,0.00,1.00,0,739,0.00|0.00|0.00|0.00
4.700,0.000,0.000,0.000,0.000,0.00,1.00,0,739,0.00|0.00|0.00|0.00
4.733,0.000,0.000,0.000,0.000,0.00,1.00,0,738,0.00|0.00|0.00|0.00
4.767,0.000,0.000,0.001,0.000,0.00,1.00,0,738,0.00|0.00|0.00|0.00
4.800,0.000,0.000,0.000,0.000,0.00,1.00,0,739,0.00|0.00|0.00|0.00
4.833,0.000,0.000,0.000,0.000,0.00,1.00,0,739,0.00|0.00|0.00|0.00
4.867,0.000,0.000,0.000,0.000,0.00,1.00,0,739,0.00|0.00|0.00|0.00
4.900,0.000,0.000,0.000,0.000,0.00,1.00,0,738,0.00|0.00|0.00|0.00
4.933,0.000,0.000,0.000,0.000,0.00,1.00,0,736,0.00|0.00|0.00|0.00
4.967,0.000,0.000,0.000,0.000,0.00,1.00,0,734,0.00|0.00|0.00|0.00
5.000,0.000,0.000,0.000,0.000,0.00,1.00,0,733,0.00|0.00|0.00|0.00
5.033,0.000,0.000,0.001,0.000,0.00,1.00,0,732,0.00|0.00|0.00|0.00
5.067,0.000,0.000,0.000,0.000,0.00,1.00,0,732,0.00|0.00|0.00|0.00
5.100,0.000,0.000,0.001,0.000,0.00,1.00,0,732,0.00|0.00|0.00|0.00
5.133,0.000,0.000,0.000,0.000,0.00,1.00,0,733,0.00|0.00|0.00|0.00
5.167,0.000,0.000,0.000,0.000,0.00,1.00,0,734,0.00|0.00|0.00|0.00
5.200,0.000,0.000,0.000,0.000,0.00,1.00,0,735,0.00|0.00|0.00|0.00
5.233,0.000,0.000,0.000,0.000,0.00,1.00,0,736,0.00|0.00|0.00|0.00
5.267,0.000,0.000,0.000,0.000,0.00,1.00,0,736,0.00|0.00|0.00|0.00
5.300,0.000,0.000,0.000,0.000,0.00,1.00,0,737,0.00|0.00|0.00|0.00
5.333,0.000,0.000,0.000,0.000,0.00,1.00,0,738,0.00|0.00|0.00|0.00
5.367,0.000,0.000,0.000,0.000,0.00,1.00,0,739,0.00|0.00|0.00|0.00
5.400,0.000,0.000,0.000,0.000,0.00,1.00,0,740,0.00|0.00|0.00|0.00
5.433,0.000,0.000,0.000,0.000,0.00,1.00,0,739,0.00|0.00|0.00|0.00
5.467,0.000,0.000,0.000,0.000,0.00,1.00,0,739,0.00|0.00|0.00|0.00
5.500,0.000,0.000,0.001,0.000,0.00,1.00,0,738,0.00|0.00|0.00|0.00
5.533,0.000,0.000,0.000,0.000,0.00,1.00,0,737,0.00|0.00|0.00|0.00
5.567,0.000,0.000,0.000,0.000,0.00,1.00,0,737,0.00|0.00|0.00|0.00
5.600,0.000,0.000,0.000,0.000,0.00,1.00,0,737,0.00|0.00|0.00|0.00
5.633,0.000,0.000,0.000,0.000,0.00,1.00,0,737,0.00|0.00|0.00|0.00
5.667,0.000,0.000,0.000,0.000,0.00,1.00,0,736,0.00|0.00|0.00|0.00
5.700,0.000,0.000,0.000,0.000,0.00,1.00,0,736,0.00|0.00|0.00|0.00
5.733,0.000,0.000,0.000,0.000,0.00,1.00,0,737,0.00|0.00|0.00|0.00
5.767,0.001,0.000,0.000,0.000,0.00,1.00,0,737,0.00|0.00|0.00|0.00
5.800,0.000,0.000,0.000,0.000,0.00,1.00,0,738,0.00|0.00|0.00|0.00
5.833,0.000,0.000,0.000,0.000,0.00,1.00,0,739,0.00|0.00|0.00|0.00
5.867,0.000,0.000,0.000,0.000,0.00,1.00,0,739,0.00|0.00|0.00|0.00
5.900,0.000,0.000,0.000,0.000,0.00,1.00,0,738,0.00|0.00|0.00|0.00
5.933,0.000,0.000,0.000,0.000,0.00,1.00,0,737,0.00|0.00|0.00|0.00
5.967,0.000,0.000,0.000,0.000,0.00,1.00,0,736,0.00|0.00|0.00|0.00
6.000,0.000,0.000,0.000,0.000,0.00,1.00,0,735,0.00|0.00|0.00|0.00
6.033,0.000,0.000,0.001,0.000,0.00,1.00,0,736,0.00|0.00|0.00|0.00
6.067,0.000,0.000,0.000,0.000,0.00,1.00,0,735,0.00|0.00|0.00|0.00
6.100,0.000,0.000,0.000,0.000,0.00,1.00,0,735,0.00|0.00|0.00|0.00
6.133,0.000,0.000,0.000,0.000,0.00,1.00,0,736,0.00|0.00|0.00|0.00
6.167,0.001,0.000,0.000,0.000,0.00,1.00,0,738,0.00|0.00|0.00|0.00
6.200,0.000,0.000,0.000,0.000,0.00,1.00,0,738,0.00|0.00|0.00|0.00
6.233,0.000,0.000,0.000,0.000,0.00,1.00,0,739,0.00|0.00|0.00|0.00
6.267,0.000,0.000,0.000,0.000,0.00,1.00,0,740,0.00|0.00|0.00|0.00
6.300,0.000,0.000,0.000,0.000,0.00,1.00,0,741,0.00|0.00|0.00|0.00
6.334,0.000,0.000,0.000,0.000,0.00,1.00,0,741,0.00|0.00|0.00|0.00
6.367,0.000,0.000,0.000,0.000,0.00,1.00,0,740,0.00|0.00|0.00|0.00
6.400,0.000,0.000,0.000,0.000,0.00,1.00,0,738,0.00|0.00|0.00|0.00
6.433,0.000,0.000,0.000,0.000,0.00,1.00,0,736,0.00|0.00|0.00|0.00
6.467,0.000,0.000,0.001,0.000,0.00,1.00,0,736,0.00|0.00|0.00|0.00
6.500,0.000,0.000,0.000,0.000,0.00,1.00,0,734,0.00|0.00|0.00|0.00
6.533,0.000,0.000,0.001,0.000,0.00,1.00,0,734,0.00|0.00|0.00|0.00
6.567,0.000,0.000,0.000,0.000,0.00,1.00,0,734,0.00|0.00|0.00|0.00
6.600,0.000,0.000,0.000,0.000,0.00,1.00,0,734,0.00|0.00|0.00|0.00
6.633,0.000,0.000,0.000,0.000,0.00,1.00,0,735,0.00|0.00|0.00|0.00
6.667,0.000,0.000,0.000,0.000,0.00,1.00,0,736,0.00|0.00|0.00|0.00
6.700,0.000,0.000,0.000,0.000,0.00,1.00,0,735,0.00|0.00|0.00|0.00
6.733,0.000,0.000,0.000,0.000,0.00,1.00,0,734,0.00|0.00|0.00|0.00
6.767,0.000,0.000,0.000,0.000,0.00,1.00,0,734,0.00|0.00|0.00|0.00
6.800,0.000,0.000,0.000,0.000,0.00,1.00,0,733,0.00|0.00|0.00|0.00
6.833,0.000,0.000,0.000,0.000,0.00,1.00,0,733,0.00|0.00|0.00|0.00
6.867,0.000,0.000,0.001,0.000,0.00,1.00,0,734,0.00|0.00|0.00|0.00
6.900,0.000,0.000,0.000,0.000,0.00,1.00,0,734,0.00|0.00|0.00|0.00
6.933,0.000,0.000,0.000,0.000,0.00,1.00,0,734,0.00|0.00|0.00|0.00
6.967,0.000,0.000,0.000,0.000,0.00,1.00,0,735,0.00|0.00|0.00|0.00
7.000,0.000,0.000,0.000,0.000,0.00,1.00,0,735,0.00|0.00|0.00|0.00
7.033,0.000,0.000,0.000,0.000,0.00,1.00,0,735,0.00|0.00|0.00|0.00
7.067,0.000,0.000,0.000,0.000,0.00,1.00,0,734,0.00|0.00|0.00|0.00
7.100,0.000,0.000,0.000,0.000,0.00,1.00,0,732,0.00|0.00|0.00|0.00
7.134,0.000,0.000,0.000,0.000,0.00,1.00,0,732,0.00|0.00|0.00|0.00
7.167,0.000,0.000,0.000,0.000,0.00,1.00,0,732,0.00|0.00|0.00|0.00
7.200,0.000,0.000,0.000,0.000,0.00,1.00,0,732,0.00|0.00|0.00|0.00
7.233,0.000,0.000,0.001,0.000,0.00,1.00,0,731,0.00|0.00|0.00|0.00
7.267,0.000,0.000,0.000,0.000,0.00,1.00,0,729,0.00|0.00|0.00|0.00
7.300,0.000,0.000,0.000,0.000,0.00,1.00,0,727,0.00|0.00|0.00|0.00
7.333,0.000,0.000,0.000,0.000,0.00,1.00,0,725,0.00|0.00|0.00|0.00
7.367,0.000,0.000,0.000,0.000,0.00,1.00,0,724,0.00|0.00|0.00|0.00
7.400,0.000,0.000,0.000,0.000,0.00,1.00,0,724,0.00|0.00|0.00|0.00
7.433,0.000,0.000,0.000,0.000,0.00,1.00,0,725,0.00|0.00|0.00|0.00
7.467,0.001,0.000,0.000,0.000,0.00,1.00,0,726,0.00|0.00|0.00|0.00
7.500,0.000,0.000,0.000,0.000,0.00,1.00,0,727,0.00|0.00|0.00|0.00
7.533,0.000,0.000,0.000,0.000,0.00,1.00,0,729,0.00|0.00|0.00|0.00
7.567,0.000,0.000,0.000,0.000,0.00,1.00,0,730,0.00|0.00|0.00|0.00
7.600,0.000,0.000,0.000,0.000,0.00,1.00,0,730,0.00|0.00|0.00|0.00
7.633,0.000,0.000,0.000,0.000,0.00,1.00,0,731,0.00|0.00|0.00|0.00
7.667,0.000,0.000,0.001,0.000,0.00,1.00,0,732,0.00|0.00|0.00|0.00
7.700,0.001,0.000,0.000,0.000,0.00,1.00,0,732,0.00|0.00|0.00|0.00
7.733,0.000,0.000,0.000,0.000,0.00,1.00,0,732,0.00|0.00|0.00|0.00
7.767,0.000,0.000,0.000,0.000,0.00,1.00,0,731,0.00|0.00|0.00|0.00
7.800,0.000,0.000,0.000,0.000,0.00,1.00,0,730,0.00|0.00|0.00|0.00
7.833,0.000,0.000,0.001,0.000,0.00,1.00,0,730,0.00|0.00|0.00|0.00
7.867,0.000,0.000,0.000,0.000,0.00,1.00,0,728,0.00|0.00|0.00|0.00
7.900,0.000,0.000,0.000,0.000,0.00,1.00,0,727,0.00|0.00|0.00|0.00
7.933,0.000,0.000,0.000,0.000,0.00,1.00,0,727,0.00|0.00|0.00|0.00
7.967,0.000,0.000,0.000,0.000,0.00,1.00,0,728,0.00|0.00|0.00|0.00
8.000,0.001,0.000,0.000,0.000,0.00,1.00,0,729,0.00|0.00|0.00|0.00
8.033,0.000,0.000,0.000,0.000,0.00,1.00,0,730,0.00|0.00|0.00|0.00
8.067,0.000,0.000,0.000,0.000,0.00,1.00,0,732,0.00|0.00|0.00|0.00
8.100,0.000,0.000,0.000,0.000,0.00,1.00,0,734,0.00|0.00|0.00|0.00
8.133,0.000,0.000,0.000,0.000,0.00,1.00,0,735,0.00|0.00|0.00|0.00
8.167,0.000,0.000,0.000,0.000,0.00,1.00,0,737,0.00|0.00|0.00|0.00
8.200,0.000,0.000,0.000,0.000,0.00,1.00,0,738,0.00|0.00|0.00|0.00
8.233,0.000,0.000,0.000,0.000,0.00,1.00,0,738,0.00|0.00|0.00|0.00
8.267,0.000,0.000,0.000,0.000,0.00,1.00,0,738,0.00|0.00|0.00|0.00
8.300,0.000,0.000,0.000,0.000,0.00,1.00,0,737,0.00|0.00|0.00|0.00
8.333,0.000,0.000,0.000,0.000,0.00,1.00,0,735,0.00|0.00|0.00|0.00
8.367,0.000,0.000,0.000,0.000,0.00,1.00,0,735,0.00|0.00|0.00|0.00
8.400,0.000,0.000,0.000,0.000,0.00,1.00,0,735,0.00|0.00|0.00|0.00
8.433,0.000,0.000,0.000,0.000,0.00,1.00,0,735,0.00|0.00|0.00|0.00
8.467,0.000,0.000,0.000,0.000,0.00,1.00,0,735,0.00|0.00|0.00|0.00
8.500,0.000,0.000,0.000,0.000,0.00,1.00,0,736,0.00|0.00|0.00|0.00
8.533,0.000,0.000,0.000,0.000,0.00,1.00,0,736,0.00|0.00|0.00|0.00
8.567,0.000,0.000,0.000,0.000,0.00,1.00,0,736,0.00|0.00|0.00|0.00
8.600,0.000,0.000,0.000,0.000,0.00,1.00,0,736,0.00|0.00|0.00|0.00
8.633,0.000,0.000,0.000,0.000,0.00,1.00,0,737,0.00|0.00|0.00|0.00
8.667,0.000,0.000,0.000,0.000,0.00,1.00,0,737,0.00|0.00|0.00|0.00
8.700,0.000,0.000,0.000,0.000,0.00,1.00,0,737,0.00|0.00|0.00|0.00
8.733,0.000,0.000,0.000,0.000,0.00,1.00,0,737,0.00|0.00|0.00|0.00
8.767,0.000,0.000,0.000,0.000,0.00,1.00,0,736,0.00|0.00|0.00|0.00
8.800,0.000,0.000,0.000,0.000,0.00,1.00,0,736,0.00|0.00|0.00|0.00
8.833,0.000,0.000,0.000,0.000,0.00,1.00,0,735,0.00|0.00|0.00|0.00
8.867,0.000,0.000,0.000,0.000,0.00,1.00,0,734,0.00|0.00|0.00|0.00
8.900,0.000,0.000,0.001,0.000,0.00,1.00,0,735,0.00|0.00|0.00|0.00
8.933,0.000,0.000,0.001,0.000,0.00,1.00,0,734,0.00|0.00|0.00|0.00
8.967,0.000,0.000,0.000,0.000,0.00,1.00,0,735,0.00|0.00|0.00|0.00
9.000,0.000,0.000,0.000,0.000,0.00,1.00,0,736,0.00|0.00|0.00|0.00
9.033,0.000,0.000,0.000,0.000,0.00,1.00,0,737,0.00|0.00|0.00|0.00
9.067,0.000,0.000,0.000,0.000,0.00,1.00,0,738,0.00|0.00|0.00|0.00
9.100,0.000,0.000,0.001,0.000,0.00,1.00,0,737,0.00|0.00|0.00|0.00
9.133,0.001,0.000,0.000,0.000,0.00,1.00,0,738,0.00|0.00|0.00|0.00
9.167,0.000,0.000,0.000,0.000,0.00,1.00,0,737,0.00|0.00|0.00|0.00
9.200,0.000,0.000,0.000,0.000,0.00,1.00,0,736,0.00|0.00|0.00|0.00
9.233,0.000,0.000,0.000,0.000,0.00,1.00,0,736,0.00|0.00|0.00|0.00
9.267,0.000,0.000,0.000,0.000,0.00,1.00,0,736,0.00|0.00|0.00|0.00
9.300,0.000,0.000,0.000,0.000,0.00,1.00,0,735,0.00|0.00|0.00|0.00
9.333,0.000,0.000,0.000,0.000,0.00,1.00,0,734,0.00|0.00|0.00|0.00
9.367,0.000,0.000,0.000,0.000,0.00,1.00,0,734,0.00|0.00|0.00|0.00
9.400,0.000,0.000,0.000,0.000,0.00,1.00,0,733,0.00|0.00|0.00|0.00
9.433,0.000,0.000,0.000,0.000,0.00,1.00,0,733,0.00|0.00|0.00|0.00
9.467,0.000,0.000,0.000,0.000,0.00,1.00,0,732,0.00|0.00|0.00|0.00
9.500,0.000,0.000,0.000,0.000,0.00,1.00,0,731,0.00|0.00|0.00|0.00
9.533,0.000,0.000,0.000,0.000,0.00,1.00,0,731,0.00|0.00|0.00|0.00
9.567,0.000,0.000,0.000,0.000,0.00,1.00,0,731,0.00|0.00|0.00|0.00
9.600,0.000,0.000,0.000,0.000,0.00,1.00,0,732,0.00|0.00|0.00|0.00
9.633,0.000,0.000,0.000,0.000,0.00,1.00,0,733,0.00|0.00|0.00|0.00
9.667,0.000,0.000,0.000,0.000,0.00,1.00,0,734,0.00|0.00|0.00|0.00
9.700,0.000,0.000,0.000,0.000,0.00,1.00,0,736,0.00|0.00|0.00|0.00
9.733,0.000,0.000,0.000,0.000,0.00,1.00,0,736,0.00|0.00|0.00|0.00
9.767,0.000,0.000,0.000,0.000,0.00,1.00,0,738,0.00|0.00|0.00|0.00
9.800,0.000,0.000,0.000,0.000,0.00,1.00,0,738,0.00|0.00|0.00|0.00
9.833,0.000,0.000,0.001,0.000,0.00,1.00,0,739,0.00|0.00|0.00|0.00
9.867,0.000,0.000,0.000,0.000,0.00,1.00,0,739,0.00|0.00|0.00|0.00
9.900,0.000,0.000,0.001,0.000,0.00,1.00,0,740,0.00|0.00|0.00|0.00
9.933,0.000,0.000,0.000,0.000,0.00,1.00,0,740,0.00|0.00|0.00|0.00
9.967,0.000,0.000,0.000,0.000,0.00,1.00,0,739,0.00|0.00|0.00|0.00
10.000,0.000,0.000,0.000,0.000,0.00,1.00,0,739,0.00|0.00|0.00|0.00
10.034,0.000,0.000,0.001,0.000,0.00,1.00,0,740,0.00|0.00|0.00|0.00
10.067,0.001,0.000,0.000,0.000,0.00,1.00,0,740,0.00|0.00|0.00|0.00
10.100,0.000,0.000,0.000,0.000,0.00,1.00,0,740,0.00|0.00|0.00|0.00
10.133,0.000,0.000,0.000,0.000,0.00,1.00,0,740,0.00|0.00|0.00|0.00
10.167,0.000,0.000,0.000,0.000,0.00,1.00,0,739,0.00|0.00|0.00|0.00
10.200,0.000,0.000,0.000,0.000,0.00,1.00,0,738,0.00|0.00|0.00|0.00
10.233,0.000,0.000,0.000,0.000,0.00,1.00,0,736,0.00|0.00|0.00|0.00
10.267,0.000,0.000,0.000,0.000,0.00,1.00,0,734,0.00|0.00|0.00|0.00
10.300,0.000,0.000,0.000,0.000,0.00,1.00,0,732,0.00|0.00|0.00|0.00
10.333,0.000,0.000,0.000,0.000,0.00,1.00,0,730,0.00|0.00|0.00|0.00
10.367,0.000,0.000,0.000,0.000,0.00,1.00,0,727,0.00|0.00|0.00|0.00
10.400,0.000,0.000,0.001,0.000,0.00,1.00,0,725,0.00|0.00|0.00|0.00
10.433,0.000,0.000,0.000,0.000,0.00,1.00,0,723,0.00|0.00|0.00|0.00
10.467,0.000,0.000,0.000,0.000,0.00,1.00,0,721,0.00|0.00|0.00|0.00
10.500,0.000,0.000,0.000,0.000,0.00,1.00,0,721,0.00|0.00|0.00|0.00
10.533,0.000,0.000,0.001,0.000,0.00,1.00,0,721,0.00|0.00|0.00|0.00
10.567,0.000,0.000,0.000,0.000,0.00,1.00,0,720,0.00|0.00|0.00|0.00
10.600,0.000,0.000,0.000,0.000,0.00,1.00,0,720,0.00|0.00|0.00|0.00
10.633,0.000,0.000,0.000,0.000,0.00,1.00,0,721,0.00|0.00|0.00|0.00
10.667,0.000,0.000,0.000,0.000,0.00,1.00,0,722,0.00|0.00|0.00|0.00
10.700,0.000,0.000,0.000,0.000,0.00,1.00,0,724,0.00|0.00|0.00|0.00
10.733,0.000,0.000,0.000,0.000,0.00,1.00,0,726,0.00|0.00|0.00|0.00
10.767,0.000,0.000,0.000,0.000,0.00,1.00,0,727,0.00|0.00|0.00|0.00
10.800,0.000,0.000,0.000,0.000,0.00,1.00,0,727,0.00|0.00|0.00|0.00
10.833,0.000,0.000,0.000,0.000,0.00,1.00,0,726,0.00|0.00|0.00|0.00
10.867,0.000,0.000,0.000,0.000,0.00,1.00,0,727,0.00|0.00|0.00|0.00
10.900,0.000,0.000,0.000,0.000,0.00,1.00,0,726,0.00|0.00|0.00|0.00
10.933,0.000,0.000,0.000,0.000,0.00,1.00,0,726,0.00|0.00|0.00|0.00
10.967,0.000,0.000,0.000,0.000,0.00,1.00,0,725,0.00|0.00|0.00|0.00
11.000,0.000,0.000,0.000,0.000,0.00,1.00,0,724,0.00|0.00|0.00|0.00
11.033,0.000,0.000,0.000,0.000,0.00,1.00,0,725,0.00|0.00|0.00|0.00
11.067,0.001,0.000,0.000,0.000,0.00,1.00,0,725,0.00|0.00|0.00|0.00
11.100,0.000,0.000,0.001,0.000,0.00,1.00,0,725,0.00|0.00|0.00|0.00
11.133,0.000,0.000,0.000,0.000,0.00,1.00,0,726,0.00|0.00|0.00|0.00
11.167,0.000,0.000,0.001,0.000,0.00,1.00,0,728,0.00|0.00|0.00|0.00
11.200,0.000,0.000,0.000,0.000,0.00,1.00,0,729,0.00|0.00|0.00|0.00
11.233,0.000,0.000,0.000,0.000,0.00,1.00,0,732,0.00|0.00|0.00|0.00
11.267,0.000,0.000,0.000,0.000,0.00,1.00,0,733,0.00|0.00|0.00|0.00
11.300,0.000,0.000,0.000,0.000,0.00,1.00,0,734,0.00|0.00|0.00|0.00
11.333,0.000,0.000,0.000,0.000,0.00,1.00,0,736,0.00|0.00|0.00|0.00
11.367,0.000,0.000,0.001,0.000,0.00,1.00,0,737,0.00|0.00|0.00|0.00
11.400,0.000,0.000,0.000,0.000,0.00,1.00,0,738,0.00|0.00|0.00|0.00
11.433,0.000,0.000,0.000,0.000,0.00,1.00,0,738,0.00|0.00|0.00|0.00
11.467,0.000,0.000,0.000,0.000,0.00,1.00,0,739,0.00|0.00|0.00|0.00
11.500,0.000,0.000,0.000,0.000,0.00,1.00,0,739,0.00|0.00|0.00|0.00
11.533,0.000,0.000,0.000,0.000,0.00,1.00,0,740,0.00|0.00|0.00|0.00
11.567,0.000,0.000,0.000,0.000,0.00,1.00,0,740,0.00|0.00|0.00|0.00
11.600,0.000,0.000,0.000,0.000,0.00,1.00,0,740,0.00|0.00|0.00|0.00
11.634,0.000,0.000,0.000,0.000,0.00,1.00,0,741,0.00|0.00|0.00|0.00
11.667,0.000,0.000,0.000,0.000,0.00,1.00,0,741,0.00|0.00|0.00|0.00
11.700,0.000,0.000,0.000,0.000,0.00,1.00,0,742,0.00|0.00|0.00|0.00
11.733,0.000,0.000,0.000,0.000,0.00,1.00,0,742,0.00|0.00|0.00|0.00
11.767,0.000,0.000,0.000,0.000,0.00,1.00,0,742,0.00|0.00|0.00|0.00
11.800,0.000,0.000,0.000,0.000,0.00,1.00,0,740,0.00|0.00|0.00|0.00
11.833,0.000,0.000,0.001,0.000,0.00,1.00,0,740,0.00|0.00|0.00|0.00
11.867,0.000,0.000,0.001,0.000,0.00,1.00,0,741,0.00|0.00|0.00|0.00
11.900,0.000,0.000,0.000,0.000,0.00,1.00,0,740,0.00|0.00|0.00|0.00
11.933,0.000,0.000,0.001,0.000,0.00,1.00,0,739,0.00|0.00|0.00|0.00
11.967,0.001,0.000,0.000,0.000,0.00,1.00,0,739,0.00|0.00|0.00|0.00
12.000,0.000,0.000,0.000,0.000,0.00,1.00,0,739,0.00|0.00|0.00|0.00
12.034,0.000,0.000,0.000,0.000,0.00,1.00,0,739,0.00|0.00|0.00|0.00
12.067,0.000,0.000,0.000,0.000,0.00,1.00,0,738,0.00|0.00|0.00|0.00
12.100,0.000,0.000,0.000,0.000,0.00,1.00,0,737,0.00|0.00|0.00|0.00
12.134,0.000,0.000,0.000,0.000,0.00,1.00,0,736,0.00|0.00|0.00|0.00
12.167,0.000,0.000,0.000,0.000,0.00,1.00,0,735,0.00|0.00|0.00|0.00
12.200,0.000,0.000,0.000,0.000,0.00,1.00,0,735,0.00|0.00|0.00|0.00
12.233,0.000,0.000,0.000,0.000,0.00,1.00,0,736,0.00|0.00|0.00|0.00
12.267,0.000,0.000,0.000,0.000,0.00,1.00,0,736,0.00|0.00|0.00|0.00
12.300,0.000,0.000,0.000,0.000,0.00,1.00,0,735,0.00|0.00|0.00|0.00
12.333,0.001,0.000,0.000,0.000,0.00,1.00,0,735,0.00|0.00|0.00|0.00
12.367,0.000,0.000,0.001,0.000,0.00,1.00,0,736,0.00|0.00|0.00|0.00
12.400,0.000,0.000,0.000,0.000,0.00,1.00,0,736,0.00|0.00|0.00|0.00
12.433,0.000,0.000,0.000,0.000,0.00,1.00,0,735,0.00|0.00|0.00|0.00
12.467,0.001,0.000,0.000,0.000,0.00,1.00,0,735,0.00|0.00|0.00|0.00
12.500,0.000,0.000,0.000,0.000,0.00,1.00,0,736,0.00|0.00|0.00|0.00
12.533,0.000,0.000,0.000,0.000,0.00,1.00,0,736,0.00|0.00|0.00|0.00
12.567,0.000,0.000,0.000,0.000,0.00,1.00,0,735,0.00|0.00|0.00|0.00
12.601,0.000,0.000,0.000,0.000,0.00,1.00,0,734,0.00|0.00|0.00|0.00
12.633,0.000,0.000,0.000,0.000,0.00,1.00,0,733,0.00|0.00|0.00|0.00
12.667,0.000,0.000,0.000,0.000,0.00,1.00,0,731,0.00|0.00|0.00|0.00
12.700,0.000,0.000,0.001,0.000,0.00,1.00,0,729,0.00|0.00|0.00|0.00
12.733,0.000,0.000,0.001,0.000,0.00,1.00,0,728,0.00|0.00|0.00|0.00
12.767,0.000,0.000,0.000,0.000,0.00,1.00,0,728,0.00|0.00|0.00|0.00
12.800,0.000,0.000,0.000,0.000,0.00,1.00,0,728,0.00|0.00|0.00|0.00
12.833,0.000,0.000,0.000,0.000,0.00,1.00,0,728,0.00|0.00|0.00|0.00
12.867,0.000,0.000,0.001,0.000,0.00,1.00,0,727,0.00|0.00|0.00|0.00
12.900,0.000,0.000,0.000,0.000,0.00,1.00,0,726,0.00|0.00|0.00|0.00
12.933,0.000,0.000,0.000,0.000,0.00,1.00,0,725,0.00|0.00|0.00|0.00
12.967,0.000,0.000,0.000,0.000,0.00,1.00,0,725,0.00|0.00|0.00|0.00
13.000,0.000,0.000,0.000,0.000,0.00,1.00,0,724,0.00|0.00|0.00|0.00
13.033,0.000,0.000,0.000,0.000,0.00,1.00,0,723,0.00|0.00|0.00|0.00
13.071,0.000,0.000,0.000,0.000,0.00,1.00,0,722,0.00|0.00|0.00|0.00
13.102,0.000,0.000,0.001,0.000,0.00,1.00,0,723,0.00|0.00|0.00|0.00
13.108,0.001,0.000,0.000,0.000,0.00,1.00,0,723,0.00|0.00|0.00|0.00
13.116,0.000,0.000,0.000,0.000,0.00,1.00,0,722,0.00|0.00|0.00|0.00
13.128,0.000,0.000,0.000,0.000,0.00,1.00,0,723,0.00|0.00|0.00|0.00
13.139,0.000,0.000,0.000,0.000,0.00,1.00,0,723,0.00|0.00|0.00|0.00
13.150,0.000,0.000,0.000,0.000,0.00,1.00,0,725,0.00|0.00|0.00|0.00
13.163,0.000,0.000,0.000,0.000,0.00,1.00,0,726,0.00|0.00|0.00|0.00
13.174,0.000,0.000,0.000,0.000,0.00,1.00,0,727,0.00|0.00|0.00|0.00
13.185,0.000,0.000,0.000,0.000,0.00,1.00,0,727,0.00|0.00|0.00|0.00
13.196,0.000,0.000,0.000,0.000,0.00,1.00,0,727,0.00|0.00|0.00|0.00
13.208,0.000,0.000,0.000,0.000,0.00,1.00,0,726,0.00|0.00|0.00|0.00
13.220,0.000,0.000,0.000,0.000,0.00,1.00,0,726,0.00|0.00|0.00|0.00
13.231,0.000,0.000,0.001,0.000,0.00,1.00,0,726,0.00|0.00|0.00|0.00
13.242,0.000,0.000,0.001,0.000,0.00,1.00,0,727,0.00|0.00|0.00|0.00
13.254,0.000,0.000,0.000,0.000,0.00,1.00,0,728,0.00|0.00|0.00|0.00
13.265,0.000,0.000,0.000,0.000,0.00,1.00,0,729,0.00|0.00|0.00|0.00
13.279,0.000,0.000,0.000,0.000,0.00,1.00,0,730,0.00|0.00|0.00|0.00
13.295,0.000,0.000,0.000,0.000,0.00,1.00,0,730,0.00|0.00|0.00|0.00
13.312,0.000,0.000,0.000,0.000,0.00,1.00,0,731,0.00|0.00|0.00|0.00
13.328,0.000,0.000,0.000,0.000,0.00,1.00,0,731,0.00|0.00|0.00|0.00
13.345,0.000,0.000,0.000,0.000,0.00,1.00,0,732,0.00|0.00|0.00|0.00
13.362,0.000,0.000,0.000,0.000,0.00,1.00,0,732,0.00|0.00|0.00|0.00
13.378,0.000,0.000,0.000,0.000,0.00,1.00,0,732,0.00|0.00|0.00|0.00
13.395,0.000,0.000,0.000,0.000,0.00,1.00,0,732,0.00|0.00|0.00|0.00
13.412,0.000,0.000,0.000,0.000,0.00,1.00,0,732,0.00|0.00|0.00|0.00
13.428,0.000,0.000,0.000,0.000,0.00,1.00,0,732,0.00|0.00|0.00|0.00
13.446,0.000,0.000,0.001,0.000,0.00,1.00,0,732,0.00|0.00|0.00|0.00
13.462,0.001,0.000,0.000,0.000,0.00,1.00,0,732,0.00|0.00|0.00|0.00
13.478,0.000,0.000,0.000,0.000,0.00,1.00,0,732,0.00|0.00|0.00|0.00
13.495,0.000,0.000,0.000,0.000,0.00,1.00,0,733,0.00|0.00|0.00|0.00
13.512,0.000,0.000,0.000,0.000,0.00,1.00,0,732,0.00|0.00|0.00|0.00
13.528,0.000,0.000,0.000,0.000,0.00,1.00,0,732,0.00|0.00|0.00|0.00
13.545,0.000,0.000,0.000,0.000,0.00,1.00,0,733,0.00|0.00|0.00|0.00
13.562,0.000,0.000,0.000,0.000,0.00,1.00,0,733,0.00|0.00|0.00|0.00
13.580,0.000,0.000,0.000,0.000,0.00,1.00,0,733,0.00|0.00|0.00|0.00
13.595,0.000,0.000,0.000,0.000,0.00,1.00,0,733,0.00|0.00|0.00|0.00
13.612,0.000,0.000,0.000,0.000,0.00,1.00,0,733,0.00|0.00|0.00|0.00
13.629,0.000,0.000,0.000,0.000,0.00,1.00,0,732,0.00|0.00|0.00|0.00
13.646,0.000,0.000,0.000,0.000,0.00,1.00,0,732,0.00|0.00|0.00|0.00
13.662,0.000,0.000,0.000,0.000,0.00,1.00,0,732,0.00|0.00|0.00|0.00
13.679,0.000,0.000,0.000,0.000,0.00,1.00,0,732,0.00|0.00|0.00|0.00
13.695,0.000,0.000,0.000,0.000,0.00,1.00,0,731,0.00|0.00|0.00|0.00
13.712,0.000,0.000,0.000,0.000,0.00,1.00,0,731,0.00|0.00|0.00|0.00
13.729,0.000,0.000,0.000,0.000,0.00,1.00,0,731,0.00|0.00|0.00|0.00
13.745,0.000,0.000,0.000,0.000,0.00,1.00,0,731,0.00|0.00|0.00|0.00
13.762,0.000,0.000,0.000,0.000,0.00,1.00,0,731,0.00|0.00|0.00|0.00
13.779,0.000,0.000,0.000,0.000,0.00,1.00,0,731,0.00|0.00|0.00|0.00
13.796,0.000,0.000,0.000,0.000,0.00,1.00,0,731,0.00|0.00|0.00|0.00
13.813,0.000,0.000,0.000,0.000,0.00,1.00,0,730,0.00|0.00|0.00|0.00
13.829,0.000,0.000,0.000,0.000,0.00,1.00,0,730,0.00|0.00|0.00|0.00
13.846,0.000,0.000,0.000,0.000,0.00,1.00,0,729,0.00|0.00|0.00|0.00
13.862,0.000,0.000,0.000,0.000,0.00,1.00,0,729,0.00|0.00|0.00|0.00
13.879,0.000,0.000,0.000,0.000,0.00,1.00,0,729,0.00|0.00|0.00|0.00
13.896,0.000,0.000,0.000,0.000,0.00,1.00,0,729,0.00|0.00|0.00|0.00
13.913,0.000,0.000,0.000,0.000,0.00,1.00,0,729,0.00|0.00|0.00|0.00
13.929,0.000,0.000,0.000,0.000,0.00,1.00,0,730,0.00|0.00|0.00|0.00
13.946,0.000,0.000,0.000,0.000,0.00,1.00,0,730,0.00|0.00|0.00|0.00
13.963,0.000,0.000,0.000,0.000,0.00,1.00,0,731,0.00|0.00|0.00|0.00
13.979,0.000,0.000,0.000,0.000,0.00,1.00,0,731,0.00|0.00|0.00|0.00
13.996,0.000,0.000,0.001,0.000,0.00,1.00,0,731,0.00|0.00|0.00|0.00
14.013,0.000,0.000,0.000,0.000,0.00,1.00,0,731,0.00|0.00|0.00|0.00
14.029,0.000,0.000,0.000,0.000,0.00,1.00,0,731,0.00|0.00|0.00|0.00
14.046,0.000,0.000,0.000,0.000,0.00,1.00,0,732,0.00|0.00|0.00|0.00
14.063,0.000,0.000,0.000,0.000,0.00,1.00,0,732,0.00|0.00|0.00|0.00
14.080,0.000,0.000,0.000,0.000,0.00,1.00,0,732,0.00|0.00|0.00|0.00
14.096,0.000,0.000,0.000,0.000,0.00,1.00,0,733,0.00|0.00|0.00|0.00
14.113,0.000,0.000,0.000,0.000,0.00,1.00,0,733,0.00|0.00|0.00|0.00
14.130,0.000,0.000,0.000,0.000,0.00,1.00,0,733,0.00|0.00|0.00|0.00
14.146,0.000,0.000,0.000,0.000,0.00,1.00,0,733,0.00|0.00|0.00|0.00
14.163,0.000,0.000,0.000,0.000,0.00,1.00,0,733,0.00|0.00|0.00|0.00
14.180,0.000,0.000,0.000,0.000,0.00,1.00,0,732,0.00|0.00|0.00|0.00
14.197,0.000,0.000,0.000,0.000,0.00,1.00,0,732,0.00|0.00|0.00|0.00
14.213,0.000,0.000,0.000,0.000,0.00,1.00,0,732,0.00|0.00|0.00|0.00
14.230,0.000,0.000,0.000,0.000,0.00,1.00,0,732,0.00|0.00|0.00|0.00
14.247,0.000,0.000,0.000,0.000,0.00,1.00,0,732,0.00|0.00|0.00|0.00
14.263,0.000,0.000,0.000,0.000,0.00,1.00,0,732,0.00|0.00|0.00|0.00
14.280,0.000,0.000,0.000,0.000,0.00,1.00,0,732,0.00|0.00|0.00|0.00
14.297,0.000,0.000,0.000,0.000,0.00,1.00,0,733,0.00|0.00|0.00|0.00
14.313,0.000,0.000,0.000,0.000,0.00,1.00,0,733,0.00|0.00|0.00|0.00
14.330,0.000,0.000,0.000,0.000,0.00,1.00,0,733,0.00|0.00|0.00|0.00
14.347,0.000,0.000,0.000,0.000,0.00,1.00,0,733,0.00|0.00|0.00|0.00
14.364,0.000,0.000,0.001,0.000,0.00,1.00,0,733,0.00|0.00|0.00|0.00
14.380,0.000,0.000,0.001,0.000,0.00,1.00,0,734,0.00|0.00|0.00|0.00
14.397,0.000,0.000,0.000,0.000,0.00,1.00,0,734,0.00|0.00|0.00|0.00
14.413,0.000,0.000,0.000,0.000,0.00,1.00,0,734,0.00|0.00|0.00|0.00
14.430,0.000,0.000,0.000,0.000,0.00,1.00,0,735,0.00|0.00|0.00|0.00
14.447,0.000,0.000,0.000,0.000,0.00,1.00,0,735,0.00|0.00|0.00|0.00
14.464,0.000,0.000,0.000,0.000,0.00,1.00,0,735,0.00|0.00|0.00|0.00
14.480,0.000,0.000,0.000,0.000,0.00,1.00,0,735,0.00|0.00|0.00|0.00
14.497,0.000,0.000,0.000,0.000,0.00,1.00,0,736,0.00|0.00|0.00|0.00
14.514,0.000,0.000,0.000,0.000,0.00,1.00,0,736,0.00|0.00|0.00|0.00
14.530,0.000,0.000,0.001,0.000,0.00,1.00,0,736,0.00|0.00|0.00|0.00
14.547,0.000,0.000,0.000,0.000,0.00,1.00,0,735,0.00|0.00|0.00|0.00
14.564,0.000,0.000,0.000,0.000,0.00,1.00,0,735,0.00|0.00|0.00|0.00
14.581,0.000,0.000,0.000,0.000,0.00,1.00,0,735,0.00|0.00|0.00|0.00
14.597,0.000,0.000,0.000,0.000,0.00,1.00,0,734,0.00|0.00|0.00|0.00
14.614,0.000,0.000,0.000,0.000,0.00,1.00,0,733,0.00|0.00|0.00|0.00
14.631,0.000,0.000,0.000,0.000,0.00,1.00,0,733,0.00|0.00|0.00|0.00
14.647,0.001,0.000,0.000,0.000,0.00,1.00,0,733,0.00|0.00|0.00|0.00
14.664,0.000,0.000,0.000,0.000,0.00,1.00,0,733,0.00|0.00|0.00|0.00
14.681,0.000,0.000,0.000,0.000,0.00,1.00,0,733,0.00|0.00|0.00|0.00
14.697,0.000,0.000,0.000,0.000,0.00,1.00,0,734,0.00|0.00|0.00|0.00
14.714,0.000,0.000,0.000,0.000,0.00,1.00,0,734,0.00|0.00|0.00|0.00
14.731,0.000,0.000,0.000,0.000,0.00,1.00,0,734,0.00|0.00|0.00|0.00
14.747,0.000,0.000,0.000,0.000,0.00,1.00,0,734,0.00|0.00|0.00|0.00
14.764,0.000,0.000,0.000,0.000,0.00,1.00,0,734,0.00|0.00|0.00|0.00
14.781,0.000,0.000,0.000,0.000,0.00,1.00,0,734,0.00|0.00|0.00|0.00
14.797,0.000,0.000,0.000,0.000,0.00,1.00,0,735,0.00|0.00|0.00|0.00
14.814,0.000,0.000,0.000,0.000,0.00,1.00,0,735,0.00|0.00|0.00|0.00
14.831,0.000,0.000,0.000,0.000,0.00,1.00,0,734,0.00|0.00|0.00|0.00
14.848,0.000,0.000,0.001,0.000,0.00,1.00,0,734,0.00|0.00|0.00|0.00
14.865,0.000,0.000,0.000,0.000,0.00,1.00,0,734,0.00|0.00|0.00|0.00
14.881,0.000,0.000,0.000,0.000,0.00,1.00,0,734,0.00|0.00|0.00|0.00
14.898,0.000,0.000,0.000,0.000,0.00,1.00,0,734,0.00|0.00|0.00|0.00
14.914,0.000,0.000,0.000,0.000,0.00,1.00,0,734,0.00|0.00|0.00|0.00
14.931,0.000,0.000,0.000,0.000,0.00,1.00,0,734,0.00|0.00|0.00|0.00
14.948,0.000,0.000,0.000,0.000,0.00,1.00,0,734,0.00|0.00|0.00|0.00
14.965,0.000,0.000,0.000,0.000,0.00,1.00,0,733,0.00|0.00|0.00|0.00
14.981,0.000,0.000,0.000,0.000,0.00,1.00,0,733,0.00|0.00|0.00|0.00
14.998,0.000,0.000,0.000,0.000,0.00,1.00,0,732,0.00|0.00|0.00|0.00
15.015,0.000,0.000,0.000,0.000,0.00,1.00,0,733,0.00|0.00|0.00|0.00
15.031,0.000,0.000,0.000,0.000,0.00,1.00,0,733,0.00|0.00|0.00|0.00
15.049,0.000,0.000,0.000,0.000,0.00,1.00,0,733,0.00|0.00|0.00|0.00
15.065,0.000,0.000,0.000,0.000,0.00,1.00,0,733,0.00|0.00|0.00|0.00
15.082,0.000,0.000,0.000,0.000,0.00,1.00,0,733,0.00|0.00|0.00|0.00
15.098,0.000,0.000,0.000,0.000,0.00,0.84,0,733,0.00|0.00|0.00|0.00
15.115,0.000,0.000,0.000,0.000,0.00,0.67,0,732,0.00|0.00|0.00|0.00
15.132,0.000,0.000,0.000,0.000,0.00,0.50,0,732,0.00|0.00|0.00|0.00
15.149,0.000,0.000,0.000,0.000,0.00,0.33,0,732,0.00|0.00|0.00|0.00
15.165,0.000,0.000,0.000,0.000,0.00,0.17,0,733,0.00|0.00|0.00|0.00
15.182,0.000,0.000,0.000,0.000,0.00,0.00,0,733,0.00|0.00|0.00|0.00
15.198,0.000,0.000,0.000,0.000,0.00,0.00,0,734,0.00|0.00|0.00|0.00
15.215,0.000,0.000,0.001,0.000,0.00,0.00,0,734,0.00|0.00|0.00|0.00
15.232,0.000,0.000,0.000,0.000,0.00,0.00,0,733,0.00|0.00|0.00|0.00
15.249,0.000,0.000,0.000,0.000,0.00,0.00,0,733,0.00|0.00|0.00|0.00
15.265,0.000,0.000,0.000,0.000,0.00,0.00,0,732,0.00|0.00|0.00|0.00
15.282,0.001,0.000,0.000,0.000,0.00,0.00,0,732,0.00|0.00|0.00|0.00
15.299,0.000,0.000,0.000,0.000,0.00,0.00,0,732,0.00|0.00|0.00|0.00
15.315,0.000,0.000,0.000,0.000,0.00,0.00,0,732,0.00|0.00|0.00|0.00
15.332,0.000,0.000,0.000,0.000,0.00,0.00,0,732,0.00|0.00|0.00|0.00
15.349,0.000,0.000,0.000,0.000,0.00,0.00,0,732,0.00|0.00|0.00|0.00
15.365,0.000,0.000,0.000,0.000,0.00,0.00,1,733,0.00|0.00|0.00|0.00
15.382,0.000,0.000,0.000,0.000,0.00,0.00,1,733,0.00|0.00|0.00|0.00
15.399,0.000,0.000,0.000,0.000,0.00,0.00,1,734,0.00|0.00|0.00|0.00
15.416,0.000,0.000,0.000,0.000,0.00,0.00,1,734,0.00|0.00|0.00|0.00
15.432,0.000,0.000,0.000,0.000,0.00,0.00,1,734,0.00|0.00|0.00|0.00
15.449,0.000,0.000,0.000,0.000,0.00,0.00,1,734,0.00|0.00|0.00|0.00
15.466,0.000,0.000,0.000,0.000,0.00,0.00,1,735,0.00|0.00|0.00|0.00
15.482,0.000,0.000,0.000,0.000,0.00,0.00,1,735,0.00|0.00|0.00|0.00
15.499,0.000,0.000,0.000,0.000,0.00,0.00,1,736,0.00|0.00|0.00|0.00
15.516,0.000,0.000,0.000,0.000,0.00,0.00,1,736,0.00|0.00|0.00|0.00
15.532,0.000,0.000,0.000,0.000,0.00,0.00,1,736,0.00|0.00|0.00|0.00
15.549,0.000,0.000,0.000,0.000,0.00,0.00,1,736,0.00|0.00|0.00|0.00
15.566,0.000,0.000,0.000,0.000,0.00,0.00,1,737,0.00|0.00|0.00|0.00
15.583,0.000,0.000,0.000,0.000,0.00,0.00,1,737,0.00|0.00|0.00|0.00
15.599,0.000,0.000,0.000,0.000,0.00,0.00,1,736,0.00|0.00|0.00|0.00
15.616,0.000,0.000,0.000,0.000,0.00,0.00,1,736,0.00|0.00|0.00|0.00
15.632,0.000,0.000,0.000,0.000,0.00,0.00,1,735,0.00|0.00|0.00|0.00
15.649,0.000,0.000,0.000,0.000,0.00,0.00,1,734,0.00|0.00|0.00|0.00
15.666,0.000,0.000,0.000,0.000,0.00,0.00,1,733,0.00|0.00|0.00|0.00
15.683,0.000,0.000,0.000,0.000,0.00,0.00,1,732,0.00|0.00|0.00|0.00
15.699,0.000,0.000,0.000,0.000,0.00,0.00,1,731,0.00|0.00|0.00|0.00
15.716,0.000,0.000,0.001,0.000,0.00,0.00,1,731,0.00|0.00|0.00|0.00
15.733,0.000,0.000,0.000,0.000,0.00,0.00,1,731,0.00|0.00|0.00|0.00
15.749,0.000,0.000,0.001,0.000,0.00,0.00,1,730,0.00|0.00|0.00|0.00
15.766,0.000,0.000,0.000,0.000,0.00,0.00,1,730,0.00|0.00|0.00|0.00
15.783,0.000,0.000,0.000,0.000,0.00,0.00,1,730,0.00|0.00|0.00|0.00
15.799,0.000,0.000,0.000,0.000,0.00,0.00,1,729,0.00|0.00|0.00|0.00
15.816,0.000,0.000,0.000,0.000,0.00,0.00,1,730,0.00|0.00|0.00|0.00
15.833,0.000,0.000,0.001,0.000,0.00,0.00,1,729,0.00|0.00|0.00|0.00
15.850,0.000,0.000,0.000,0.000,0.00,0.00,1,729,0.00|0.00|0.00|0.00
15.866,0.000,0.000,0.001,0.000,0.00,0.00,1,729,0.00|0.00|0.00|0.00
15.883,0.000,0.000,0.000,0.000,0.00,0.00,1,728,0.00|0.00|0.00|0.00
15.900,0.000,0.000,0.000,0.000,0.00,0.00,1,728,0.00|0.00|0.00|0.00
15.916,0.000,0.000,0.001,0.000,0.00,0.00,1,727,0.00|0.00|0.00|0.00
15.933,0.000,0.000,0.000,0.000,0.00,0.00,1,726,0.00|0.00|0.00|0.00
15.950,0.000,0.000,0.000,0.000,0.00,0.00,1,726,0.00|0.00|0.00|0.00
15.967,0.000,0.000,0.001,0.000,0.00,0.00,1,726,0.00|0.00|0.00|0.00
15.983,0.000,0.000,0.000,0.000,0.00,0.00,1,726,0.00|0.00|0.00|0.00
16.000,0.000,0.000,0.000,0.000,0.00,0.00,1,726,0.00|0.00|0.00|0.00
16.016,0.000,0.000,0.000,0.000,0.00,0.00,1,727,0.00|0.00|0.00|0.00
16.033,0.000,0.000,0.001,0.000,0.00,0.00,1,727,0.00|0.00|0.00|0.00
16.050,0.000,0.000,0.000,0.000,0.00,0.00,1,727,0.00|0.00|0.00|0.00
16.067,0.000,0.000,0.001,0.000,0.00,0.00,1,727,0.00|0.00|0.00|0.00
16.084,0.000,0.000,0.000,0.000,0.00,0.00,1,727,0.00|0.00|0.00|0.00
16.100,0.000,0.000,0.000,0.000,0.00,0.00,1,728,0.00|0.00|0.00|0.00
16.117,0.000,0.000,0.000,0.000,0.00,0.00,1,728,0.00|0.00|0.00|0.00
16.133,0.000,0.000,0.000,0.000,0.00,0.00,1,729,0.00|0.00|0.00|0.00
16.150,0.000,0.000,0.000,0.000,0.00,0.00,1,729,0.00|0.00|0.00|0.00
16.167,0.001,0.000,0.000,0.000,0.00,0.00,1,728,0.00|0.00|0.00|0.00
16.184,0.000,0.000,0.001,0.000,0.00,0.00,1,728,0.00|0.00|0.00|0.00
16.201,0.000,0.000,0.000,0.000,0.00,0.00,1,728,0.00|0.00|0.00|0.00
16.217,0.000,0.000,0.000,0.000,0.00,0.00,1,728,0.00|0.00|0.00|0.00
16.234,0.000,0.000,0.000,0.000,0.01,0.00,1,727,0.00|0.00|0.00|0.00
16.251,0.000,0.000,0.000,0.000,0.04,0.00,1,727,0.00|0.00|0.00|0.00
16.268,0.000,0.000,0.000,0.000,0.05,0.00,1,734,0.00|0.00|0.00|0.00
16.284,0.002,0.000,0.000,0.000,0.10,0.00,1,749,0.00|0.00|0.00|0.00
16.301,0.002,0.000,0.000,0.000,0.10,0.00,1,777,0.00|0.00|0.00|0.00
16.317,0.001,0.000,0.001,0.000,0.10,0.00,1,814,0.00|0.00|0.00|0.00
16.334,0.001,0.000,0.001,0.001,0.11,0.00,1,859,0.00|0.00|0.00|0.00
16.351,0.003,0.000,0.001,0.001,0.15,0.00,1,910,0.00|0.00|0.00|0.00
16.368,0.004,0.000,0.001,0.001,0.27,0.00,1,966,0.00|0.00|0.00|0.00
16.385,0.002,0.000,0.000,0.000,0.42,0.00,1,1029,0.00|0.00|0.00|0.00
16.401,0.001,0.000,0.001,0.000,1.00,0.00,1,1095,0.00|0.00|0.00|0.00
16.418,0.001,0.000,0.000,0.000,1.00,0.00,1,1166,0.00|0.00|0.00|0.00
16.434,0.002,0.000,0.001,0.001,1.00,0.00,1,1240,0.00|0.00|0.00|0.00
16.451,0.002,0.000,0.001,0.000,1.00,0.00,1,1319,0.00|0.00|0.00|0.00
16.468,0.001,0.000,0.001,0.000,1.00,0.00,1,1401,0.00|0.00|0.00|0.00
16.484,0.001,0.000,0.001,0.000,1.00,0.00,1,1486,0.00|0.00|0.00|0.00
16.501,0.000,0.000,0.001,0.000,1.00,0.00,1,1575,0.00|0.00|0.00|0.00
16.518,0.000,0.000,0.001,0.000,1.00,0.00,1,1667,0.00|0.00|0.00|0.00
16.535,0.001,0.000,0.000,0.000,1.00,0.00,1,1763,0.00|0.00|0.00|0.00
16.551,0.001,0.000,0.001,0.000,1.00,0.00,1,1860,0.00|0.00|0.00|0.00
16.568,0.001,0.000,0.000,0.000,1.00,0.00,1,1961,0.00|0.00|0.00|0.00
16.585,0.000,0.000,0.001,0.000,1.00,0.00,1,2065,0.00|0.00|0.00|0.00
16.601,0.000,0.000,0.000,0.000,1.00,0.00,1,2175,0.00|0.00|0.00|0.00
16.618,0.000,0.000,0.001,0.000,1.00,0.00,1,2290,0.00|0.00|0.00|0.00
16.635,0.000,0.000,0.001,0.000,1.00,0.00,1,2411,0.00|0.00|0.00|0.00
16.651,0.000,0.000,0.001,0.000,1.00,0.00,1,2538,0.00|0.00|0.00|0.00
16.668,0.001,0.000,0.001,0.001,1.00,0.00,1,2669,0.00|0.00|0.00|0.00
16.685,0.001,0.000,0.001,0.000,1.00,0.00,1,2805,0.00|0.00|0.00|0.00
16.701,0.001,0.000,0.001,0.000,1.00,0.00,1,2945,0.00|0.00|0.00|0.00
16.718,0.001,0.000,0.001,0.000,1.00,0.00,1,3088,0.00|0.00|0.00|0.00
16.735,0.000,0.000,0.000,0.000,1.00,0.16,1,3234,0.00|0.00|0.00|0.00
16.751,0.014,0.012,0.143,0.063,1.00,0.33,1,3377,0.10|0.14|0.00|0.00
16.768,0.071,0.252,2.369,1.207,1.00,0.50,1,3506,2.34|2.37|0.06|0.06
16.785,0.086,1.150,9.436,4.735,1.00,0.67,1,3608,9.44|9.28|0.11|0.12
16.802,0.145,2.141,12.229,6.099,1.00,0.83,1,3707,12.23|11.95|0.11|0.10
16.818,0.129,2.776,10.525,5.306,1.00,1.00,1,3819,10.52|10.32|0.19|0.20
16.835,0.165,3.238,10.090,5.081,1.00,1.00,1,3936,10.09|9.98|0.11|0.14
16.852,0.221,3.898,12.828,6.527,1.00,1.00,1,4041,12.74|12.83|0.27|0.27
16.869,0.218,4.222,10.962,5.511,1.00,1.00,1,4156,10.58|10.96|0.25|0.25
16.885,0.259,4.701,13.110,6.606,1.00,1.00,1,4256,12.81|13.11|0.24|0.27
16.902,0.311,5.003,12.194,6.205,1.00,1.00,1,4360,12.19|11.81|0.43|0.39
16.918,0.326,5.316,13.185,6.563,1.00,1.00,1,4458,13.19|12.38|0.35|0.34
16.936,0.419,5.579,13.009,6.621,1.00,1.00,1,4553,13.01|12.55|0.42|0.50
16.952,0.452,5.852,13.093,6.936,1.00,1.00,1,4642,13.09|12.80|0.66|1.19
16.969,0.519,6.230,13.154,7.735,1.00,1.00,1,4722,13.15|13.11|1.74|2.93
16.985,0.541,6.739,13.165,8.762,1.00,1.00,1,4783,13.17|13.14|3.65|5.10
17.002,0.582,7.362,12.962,9.834,1.00,1.00,1,4830,12.93|12.96|6.00|7.44
17.019,0.613,8.109,13.186,11.077,1.00,1.00,1,4869,13.19|13.16|8.32|9.64
17.035,0.661,8.901,13.111,12.044,1.00,1.00,1,4901,13.11|12.95|10.50|11.61
17.052,0.697,9.732,13.451,13.031,1.00,1.00,1,4927,13.27|13.02|12.38|13.45
17.069,0.749,10.547,14.645,13.777,1.00,1.00,1,4948,13.58|13.21|13.68|14.64
17.085,0.789,11.114,13.999,13.356,1.00,1.00,1,4967,13.33|13.11|12.98|14.00
17.102,0.832,11.439,13.168,12.713,1.00,1.00,1,4982,13.17|12.77|11.91|13.00
17.119,0.876,11.674,12.939,12.590,1.00,1.00,1,4993,12.94|12.76|11.78|12.88
17.136,0.921,12.031,14.070,13.427,1.00,1.00,1,5001,13.38|13.24|13.02|14.07
17.152,0.970,12.351,14.525,13.603,1.00,1.00,1,5009,13.44|13.17|13.29|14.52
17.169,1.009,12.506,13.701,13.101,1.00,1.00,1,5015,13.16|13.00|12.54|13.70
17.186,1.056,12.548,13.039,12.688,1.00,1.00,1,5021,13.04|12.93|11.84|12.94
17.202,1.092,12.616,13.360,12.860,1.00,1.00,1,5023,13.03|12.82|12.24|13.36
17.219,1.145,12.802,14.279,13.519,1.00,1.00,1,5026,13.44|13.24|13.12|14.28
17.236,1.177,12.932,14.174,13.423,1.00,1.00,1,5029,13.31|13.17|13.04|14.17
17.252,1.217,12.933,13.338,12.908,1.00,1.00,1,5032,13.16|12.88|12.25|13.34
17.269,1.260,12.897,13.090,12.727,1.00,1.00,1,5033,13.09|12.80|11.97|13.05
17.286,1.299,12.939,13.506,13.077,1.00,1.00,1,5034,13.28|13.14|12.38|13.51
17.303,1.350,12.988,13.839,13.159,1.00,1.00,1,5035,13.19|12.91|12.69|13.84
17.319,1.390,13.037,13.746,13.203,1.00,1.00,1,5035,13.35|13.07|12.65|13.75
17.336,1.431,13.041,13.610,13.033,1.00,1.00,1,5036,13.09|12.96|12.47|13.61
17.353,1.467,13.048,13.556,13.045,1.00,1.00,1,5037,13.23|12.97|12.42|13.56
17.369,1.517,13.047,13.479,13.019,1.00,1.00,1,5037,13.25|13.02|12.32|13.48
17.386,1.554,13.033,13.368,12.948,1.00,1.00,1,5038,13.20|13.02|12.20|13.37
17.403,1.595,13.004,13.268,12.859,1.00,1.00,1,5038,13.27|12.99|12.04|13.14
17.419,1.644,12.952,13.205,12.717,0.83,1.00,1,5038,13.20|12.96|11.79|12.91
17.436,1.688,12.897,13.299,12.650,0.41,1.00,1,5038,13.30|13.05|11.56|12.69
17.453,1.719,12.808,13.134,12.424,0.32,1.00,1,5036,13.13|12.88|11.28|12.40
17.469,1.772,12.714,13.182,12.312,0.32,1.00,1,5033,13.18|12.94|11.00|12.13
17.487,1.811,12.611,13.207,12.176,0.32,1.00,1,5030,13.21|12.97|10.70|11.83
17.503,1.847,12.496,13.127,12.009,0.32,1.00,1,5028,13.13|12.87|10.47|11.57
17.520,1.890,12.381,13.175,11.897,0.06,1.00,1,5026,13.17|12.92|10.19|11.30
17.536,1.939,12.262,13.102,11.761,0.00,1.00,1,5015,13.10|12.90|9.96|11.08
17.553,1.975,12.105,12.953,11.453,0.00,1.00,1,4994,12.95|12.68|9.53|10.65
17.570,2.022,11.895,12.750,11.032,0.00,1.00,1,4966,12.75|12.53|8.86|9.99
17.587,2.060,11.627,12.646,10.533,0.00,1.00,1,4931,12.65|12.38|8.01|9.10
17.603,2.098,11.299,12.480,9.964,0.00,1.00,1,4893,12.48|12.19|7.09|8.09
17.620,2.135,10.922,12.360,9.399,0.00,1.00,1,4851,12.36|12.06|6.10|7.08
17.637,2.178,10.497,12.284,8.777,0.00,1.00,1,4807,12.28|11.85|4.94|6.03
17.653,2.223,10.032,12.119,8.156,0.00,1.00,1,4762,12.12|11.74|3.81|4.96
17.670,2.283,9.468,12.030,7.203,0.00,1.00,1,4715,12.03|11.54|1.68|3.56
17.687,2.301,8.953,11.879,6.882,0.00,1.00,1,4668,11.88|11.45|2.45|1.75
17.704,2.322,8.563,11.814,6.990,0.00,1.00,1,4620,11.81|11.24|2.54|2.36
17.720,2.343,8.227,11.660,6.873,0.00,1.00,1,4571,11.66|11.12|2.13|2.58
17.737,2.366,7.941,11.575,6.782,0.00,1.00,1,4522,11.57|10.97|2.49|2.10
17.753,2.385,7.711,11.402,6.782,0.00,1.00,1,4472,11.40|10.82|2.38|2.53
17.770,2.405,7.512,11.300,6.706,0.00,1.00,1,4423,11.30|10.78|2.37|2.37
17.787,2.425,7.336,11.112,6.618,0.00,1.00,1,4373,11.11|10.59|2.39|2.38
17.804,2.445,7.192,10.992,6.608,0.00,1.00,1,4324,10.99|10.47|2.46|2.51
17.820,2.464,7.058,10.854,6.512,0.00,1.00,1,4274,10.85|10.35|2.44|2.40
17.837,2.485,6.943,10.709,6.474,0.00,1.00,1,4224,10.71|10.21|2.45|2.53
17.853,2.504,6.844,10.654,6.439,0.00,1.00,1,4175,10.65|10.05|2.55|2.49
17.870,2.525,6.749,10.516,6.359,0.00,1.00,1,4125,10.52|9.96|2.48|2.49
17.887,2.544,6.666,10.371,6.324,0.00,1.00,1,4075,10.37|9.81|2.52|2.60
17.904,2.564,6.590,10.311,6.277,0.00,1.00,1,4026,10.31|9.63|2.63|2.53
17.920,2.587,6.513,10.167,6.195,0.00,1.00,1,3976,10.17|9.53|2.51|2.57
17.937,2.607,6.447,10.002,6.173,0.00,1.00,1,3927,10.00|9.43|2.60|2.65
17.954,2.627,6.383,9.910,6.120,0.00,1.00,1,3877,9.91|9.29|2.70|2.58
17.970,2.650,6.314,9.803,6.027,0.00,1.00,1,3828,9.80|9.11|2.57|2.62
17.987,2.669,6.252,9.628,5.996,0.00,1.00,1,3778,9.63|8.98|2.66|2.72
18.004,2.686,6.189,9.484,5.930,0.00,1.00,1,3729,9.48|8.82|2.76|2.66
18.021,2.711,6.126,9.416,5.867,0.00,1.00,1,3680,9.42|8.75|2.63|2.67
18.037,2.731,6.075,9.331,5.859,0.00,1.00,1,3631,9.33|8.63|2.70|2.78
18.054,2.750,6.024,9.171,5.814,0.00,1.00,1,3582,9.17|8.50|2.83|2.76
18.071,2.773,5.963,9.036,5.711,0.00,1.00,1,3533,9.04|8.37|2.73|2.71
18.087,2.794,5.905,8.902,5.665,0.00,1.00,1,3484,8.90|8.22|2.72|2.81
18.104,2.813,5.853,8.760,5.637,0.00,1.00,1,3435,8.76|8.07|2.86|2.86
18.121,2.835,5.798,8.695,5.571,0.00,1.00,1,3386,8.69|7.97|2.85|2.77
18.138,2.855,5.738,8.559,5.489,0.00,1.00,1,3337,8.56|7.82|2.76|2.82
18.154,2.874,5.688,8.455,5.482,0.00,1.00,1,3289,8.46|7.67|2.86|2.94
18.171,2.895,5.641,8.366,5.447,0.00,1.00,1,3240,8.37|7.58|2.95|2.89
18.188,2.915,5.581,8.212,5.337,0.00,1.00,1,3191,8.21|7.42|2.88|2.83
18.205,2.937,5.528,8.101,5.309,0.00,1.00,1,3143,8.10|7.31|2.89|2.93
18.221,2.958,5.482,7.983,5.289,0.00,1.00,1,3094,7.98|7.22|2.95|3.00
18.238,2.974,5.429,7.814,5.215,0.00,1.00,1,3045,7.81|7.07|3.01|2.97
18.254,2.999,5.374,7.732,5.146,0.00,1.00,1,2997,7.73|6.92|2.99|2.95
18.271,3.020,5.316,7.607,5.080,0.00,1.00,1,2948,7.61|6.76|2.96|2.99
18.288,3.037,5.261,7.452,5.035,0.00,1.00,1,2900,7.45|6.59|3.02|3.07
18.305,3.060,5.213,7.396,5.015,0.00,1.00,1,2852,7.40|6.51|3.09|3.06
18.321,3.078,5.158,7.262,4.933,0.00,1.00,1,2804,7.26|6.35|3.10|3.02
18.338,3.099,5.106,7.156,4.890,0.00,1.00,1,2755,7.16|6.26|3.09|3.06
18.354,3.120,5.056,7.073,4.850,0.00,1.00,1,2707,7.07|6.16|3.07|3.11
18.371,3.140,4.999,6.892,4.767,0.00,1.00,1,2659,6.89|5.86|3.14|3.18
18.388,3.165,4.946,6.801,4.727,0.00,1.00,1,2610,6.80|5.76|3.18|3.16
18.405,3.183,4.892,6.706,4.674,0.00,1.00,1,2562,6.71|5.66|3.19|3.13
18.421,3.201,4.833,6.592,4.593,0.00,1.00,1,2514,6.59|5.40|3.19|3.19
18.438,3.218,4.777,6.560,4.549,0.00,1.00,1,2466,6.56|5.26|3.17|3.21
18.455,3.241,4.727,6.449,4.523,0.00,1.00,1,2418,6.45|5.17|3.22|3.26
18.471,3.264,4.678,6.425,4.477,0.00,1.00,1,2369,6.43|4.95|3.26|3.28
18.488,3.278,4.627,6.303,4.419,0.00,1.00,1,2321,6.30|4.76|3.33|3.28
18.505,3.313,4.580,6.443,4.389,0.00,1.00,1,2272,6.44|4.53|3.32|3.25
18.522,3.339,4.508,6.821,4.218,0.00,1.00,1,2222,6.82|3.46|3.29|3.30
18.538,3.362,4.468,7.244,4.309,0.00,1.00,1,2170,7.24|3.27|3.35|3.37
18.555,3.380,4.425,7.006,4.251,0.00,1.00,1,2119,7.01|3.28|3.33|3.39
18.571,3.383,4.366,6.217,4.126,0.00,1.00,1,2073,6.22|3.52|3.39|3.38
18.588,3.402,4.296,5.648,4.014,0.00,1.00,1,2027,5.65|3.62|3.39|3.39
18.605,3.431,4.260,5.911,4.114,0.00,1.00,1,1980,5.91|3.67|3.46|3.42
18.622,3.446,4.208,5.848,3.998,0.00,1.00,1,1933,5.85|3.26|3.46|3.43
18.639,3.469,4.153,5.415,3.933,0.00,1.00,1,1888,5.41|3.45|3.47|3.39
18.655,3.467,4.086,4.619,3.813,0.00,1.00,1,1843,4.62|3.68|3.47|3.48
18.672,3.521,4.024,4.455,3.773,0.00,1.00,1,1796,4.45|3.76|3.44|3.44
18.688,3.535,3.997,4.361,3.887,0.00,1.00,1,1745,4.36|4.04|3.57|3.58
18.705,3.575,3.907,3.614,3.544,0.00,1.00,1,1695,3.61|3.55|3.51|3.51
18.722,3.594,3.896,4.237,3.850,0.00,1.00,1,1642,3.88|4.24|3.63|3.66
18.739,3.632,3.824,3.607,3.537,0.00,1.00,1,1590,3.47|3.46|3.61|3.60
18.755,3.624,3.791,3.739,3.658,0.00,1.00,1,1539,3.74|3.54|3.67|3.68
18.772,3.647,3.755,3.656,3.610,0.00,1.00,1,1493,3.53|3.66|3.61|3.65
18.789,3.624,3.723,3.667,3.592,0.00,1.00,1,1452,3.51|3.58|3.67|3.61
18.805,3.624,3.710,3.770,3.661,0.00,1.00,1,1414,3.77|3.63|3.60|3.64
18.822,3.619,3.668,3.629,3.497,0.00,1.00,1,1381,3.38|3.42|3.63|3.56
18.839,3.596,3.643,3.641,3.545,0.00,1.00,1,1355,3.40|3.51|3.63|3.64
18.856,3.560,3.576,3.521,3.307,0.00,1.00,1,1337,3.44|2.80|3.52|3.46
18.872,3.524,3.556,3.735,3.475,0.00,1.00,1,1323,3.74|3.06|3.52|3.59
18.889,3.518,3.519,3.487,3.373,0.00,1.00,1,1312,3.28|3.27|3.46|3.49
18.906,3.475,3.488,3.542,3.363,0.00,1.00,1,1304,3.26|3.17|3.54|3.48
18.922,3.471,3.477,3.553,3.434,0.00,1.00,1,1298,3.55|3.33|3.39|3.46
18.939,3.437,3.442,3.513,3.301,0.00,1.00,1,1294,3.28|2.90|3.51|3.50
18.956,3.421,3.446,3.524,3.465,0.00,1.00,1,1289,3.52|3.52|3.40|3.42
18.973,3.402,3.416,3.444,3.298,0.00,1.00,1,1286,3.21|3.14|3.44|3.40
18.989,3.369,3.417,3.452,3.419,0.00,1.00,1,1282,3.45|3.43|3.41|3.38
19.006,3.361,3.383,3.296,3.247,0.00,1.00,1,1281,3.26|3.18|3.30|3.26
19.022,3.318,3.380,3.400,3.369,0.00,1.00,1,1279,3.35|3.35|3.38|3.40
19.039,3.317,3.355,3.305,3.259,0.00,1.00,1,1278,3.30|3.30|3.18|3.25
19.056,3.287,3.344,3.372,3.298,0.00,1.00,1,1276,3.22|3.24|3.37|3.36
19.072,3.274,3.334,3.356,3.296,0.00,1.00,1,1273,3.36|3.34|3.22|3.27
19.089,3.264,3.302,3.313,3.177,0.00,1.00,1,1270,3.09|3.09|3.31|3.22
19.106,3.237,3.302,3.332,3.304,0.00,0.91,1,1265,3.33|3.33|3.28|3.28
19.123,3.239,3.273,3.187,3.157,0.00,0.74,1,1259,3.17|3.19|3.15|3.12
19.139,3.211,3.271,3.306,3.266,0.00,0.57,1,1253,3.23|3.24|3.29|3.31
19.156,3.212,3.254,3.242,3.186,0.00,0.41,1,1245,3.24|3.24|3.10|3.16
19.173,3.188,3.232,3.276,3.146,0.00,0.24,1,1239,3.05|3.03|3.28|3.23
19.190,3.169,3.222,3.195,3.184,0.00,0.07,1,1231,3.19|3.20|3.16|3.19
19.206,3.169,3.199,3.147,3.112,0.00,0.00,1,1221,3.13|3.12|3.15|3.05
19.223,3.165,3.199,3.244,3.203,0.00,0.00,1,1209,3.19|3.18|3.20|3.24
19.240,3.165,3.188,3.214,3.143,0.00,0.00,1,1195,3.19|3.21|3.04|3.12
19.257,3.161,3.180,3.219,3.153,0.00,0.00,1,1179,3.10|3.08|3.22|3.21
19.273,3.156,3.183,3.224,3.196,0.00,0.00,1,1162,3.22|3.22|3.16|3.18
19.290,3.158,3.162,3.147,3.085,0.00,0.00,1,1144,3.07|3.07|3.15|3.05
19.307,3.149,3.172,3.225,3.216,0.00,0.00,1,1125,3.22|3.22|3.19|3.23
19.323,3.149,3.165,3.226,3.141,0.00,0.00,1,1105,3.21|3.23|3.03|3.10
19.340,3.148,3.159,3.215,3.140,0.00,0.00,1,1085,3.08|3.07|3.19|3.21
19.357,3.142,3.162,3.215,3.178,0.00,0.00,1,1064,3.21|3.21|3.14|3.14
19.373,3.143,3.144,3.141,3.073,0.00,0.00,1,1043,3.05|3.04|3.14|3.06
19.390,3.133,3.154,3.219,3.197,0.00,0.00,1,1022,3.21|3.22|3.17|3.18
19.406,3.135,3.144,3.183,3.111,0.00,0.00,1,1000,3.17|3.18|3.02|3.07
19.423,3.131,3.142,3.207,3.137,0.00,0.00,1,979,3.09|3.07|3.18|3.21
19.440,3.128,3.145,3.202,3.160,0.00,0.00,1,957,3.20|3.20|3.12|3.12
19.457,3.129,3.128,3.146,3.063,0.00,0.00,1,935,3.03|3.01|3.15|3.06
19.473,3.118,3.137,3.204,3.180,0.00,0.00,1,913,3.20|3.20|3.15|3.16
19.490,3.120,3.127,3.152,3.088,0.00,0.00,1,891,3.14|3.15|3.01|3.05
19.507,3.115,3.126,3.196,3.125,0.00,0.00,1,869,3.08|3.07|3.16|3.20
19.523,3.114,3.129,3.191,3.146,0.00,0.00,1,847,3.19|3.19|3.11|3.10
19.540,3.114,3.112,3.139,3.049,0.00,0.00,1,825,3.01|2.99|3.14|3.06
19.557,3.103,3.121,3.189,3.163,0.00,0.00,1,806,3.19|3.19|3.13|3.14
19.573,3.105,3.112,3.139,3.079,0.00,0.00,1,790,3.13|3.14|3.00|3.04
19.590,3.100,3.110,3.182,3.110,0.00,0.00,1,777,3.07|3.05|3.14|3.18
19.607,3.098,3.114,3.178,3.131,0.00,0.00,1,767,3.17|3.18|3.09|3.08
19.624,3.100,3.097,3.128,3.034,0.00,0.00,1,759,2.99|2.97|3.13|3.04
19.640,3.089,3.103,3.164,3.133,0.00,0.00,1,753,3.16|3.16|3.10|3.11
19.657,3.080,3.092,3.119,3.050,0.00,0.00,1,748,3.11|3.12|2.95|3.02
19.674,3.059,3.082,3.159,3.050,0.00,0.00,1,744,3.01|3.00|3.04|3.16
19.691,3.014,3.009,2.924,2.720,0.00,0.00,1,740,2.92|2.92|2.62|2.42
19.707,2.932,2.740,2.706,1.667,0.00,0.00,1,738,2.71|2.67|0.44|0.85
19.724,2.877,2.275,0.543,0.416,0.00,0.00,1,735,0.54|0.51|0.30|0.32
19.741,2.833,1.894,0.602,0.372,0.00,0.00,1,734,0.59|0.60|0.13|0.16
19.758,2.825,1.529,0.146,0.072,0.00,0.00,1,732,0.03|0.01|0.11|0.15
19.774,2.798,1.247,0.303,0.167,0.00,0.00,1,731,0.30|0.27|0.04|0.06
19.790,2.746,1.007,0.135,0.085,0.00,0.00,1,730,0.13|0.13|0.03|0.04
19.807,2.709,0.809,0.080,0.052,0.00,0.00,1,730,0.08|0.06|0.02|0.05
19.824,2.662,0.659,0.116,0.062,0.00,0.00,1,730,0.12|0.10|0.01|0.02
19.841,2.620,0.528,0.006,0.003,0.00,0.00,1,730,0.00|0.00|0.00|0.01
19.857,2.580,0.423,0.010,0.006,0.00,0.00,1,730,0.01|0.00|0.01|0.00
19.874,2.535,0.338,0.008,0.005,0.00,0.00,1,731,0.00|0.01|0.00|0.01
19.891,2.494,0.271,0.016,0.011,0.00,0.00,1,732,0.02|0.01|0.01|0.01
19.908,2.452,0.218,0.008,0.006,0.00,0.00,1,732,0.01|0.01|0.00|0.00
19.924,2.413,0.175,0.018,0.007,0.00,0.00,1,732,0.02|0.00|0.00|0.00
19.941,2.370,0.140,0.012,0.006,0.00,0.00,1,732,0.01|0.00|0.00|0.00
19.958,2.331,0.113,0.008,0.003,0.00,0.00,1,732,0.00|0.01|0.00|0.00
19.974,2.292,0.091,0.006,0.003,0.00,0.00,1,732,0.00|0.01|0.00|0.00
19.991,2.249,0.073,0.004,0.002,0.01,0.00,1,732,0.00|0.00|0.00|0.00
20.008,2.211,0.163,0.576,0.523,0.00,0.00,1,732,0.52|0.52|0.58|0.48
20.024,2.158,0.522,2.392,1.966,0.00,0.00,1,731,1.68|1.66|2.39|2.14
20.042,2.147,0.888,2.487,2.355,0.00,0.00,1,731,2.49|2.48|2.13|2.31
20.058,2.151,1.112,2.067,2.013,0.00,0.00,1,731,2.07|2.04|2.00|1.95
20.075,2.134,1.317,2.336,2.143,0.00,0.00,1,731,2.00|2.00|2.34|2.24
20.091,2.135,1.493,2.334,2.202,0.00,0.00,1,731,2.33|2.33|2.03|2.11
20.108,2.125,1.614,2.170,2.104,0.00,0.00,1,730,2.11|2.10|2.17|2.04
20.125,2.134,1.714,2.232,2.116,0.00,0.00,1,729,2.07|2.08|2.08|2.23
20.142,2.122,1.790,2.169,2.102,0.00,0.00,1,730,2.11|2.09|2.17|2.04
20.158,2.114,1.867,2.258,2.182,0.00,0.00,1,730,2.24|2.26|2.07|2.16
20.175,2.127,1.918,2.161,2.127,0.00,0.00,0,731,2.13|2.12|2.16|2.10
20.191,2.116,1.946,2.130,2.060,0.00,0.00,0,731,2.00|2.02|2.09|2.13
20.208,2.109,1.988,2.204,2.163,0.00,0.00,0,732,2.20|2.20|2.13|2.12
20.225,2.110,2.009,2.122,2.098,0.00,0.00,0,732,2.11|2.12|2.08|2.08
20.242,2.116,2.025,2.132,2.096,0.00,0.00,0,731,2.07|2.07|2.12|2.13
20.259,2.107,2.029,2.112,2.050,0.00,0.00,0,731,2.02|2.00|2.11|2.07
20.275,2.097,2.053,2.202,2.155,0.00,0.00,0,731,2.20|2.20|2.07|2.15
20.291,2.107,2.061,2.125,2.100,0.00,0.00,0,731,2.11|2.13|2.11|2.05
20.308,2.105,2.067,2.170,2.096,0.00,0.00,0,731,2.06|2.06|2.09|2.17
20.325,2.095,2.065,2.120,2.062,0.00,0.00,0,731,2.07|2.05|2.12|2.01
20.342,2.092,2.078,2.179,2.135,0.00,0.00,0,731,2.16|2.18|2.05|2.15
20.358,2.098,2.081,2.143,2.099,0.00,0.00,0,731,2.10|2.10|2.14|2.05
20.375,2.092,2.074,2.121,2.056,0.00,0.00,0,731,2.03|2.03|2.04|2.12
20.392,2.085,2.083,2.154,2.123,0.00,0.00,0,731,2.15|2.14|2.13|2.07
20.408,2.084,2.083,2.136,2.091,0.00,0.00,0,732,2.11|2.14|2.03|2.08
20.425,2.088,2.081,2.121,2.078,0.00,0.00,0,732,2.06|2.05|2.12|2.08
20.442,2.082,2.068,2.079,2.023,0.00,0.00,0,733,1.98|1.97|2.06|2.08
20.459,2.072,2.080,2.169,2.134,0.00,0.00,0,734,2.17|2.17|2.09|2.11
20.475,2.077,2.076,2.095,2.064,0.00,0.00,2,735,2.08|2.09|2.05|2.03
20.492,2.080,2.072,2.121,2.064,0.00,0.00,2,736,2.02|2.02|2.09|2.12
20.509,2.073,2.061,2.085,2.022,0.00,0.00,2,736,2.00|1.98|2.08|2.01
20.525,2.062,2.072,2.175,2.126,0.00,0.00,2,736,2.17|2.17|2.03|2.12
20.542,2.070,2.068,2.075,2.058,0.00,0.00,2,736,2.07|2.08|2.07|2.01
20.559,2.068,2.066,2.139,2.063,0.00,0.00,2,736,2.03|2.03|2.05|2.14
20.576,2.060,2.060,2.091,2.044,0.00,0.00,2,735,2.06|2.04|2.09|1.99
20.592,2.055,2.065,2.138,2.093,0.00,0.00,2,735,2.12|2.14|2.00|2.11
20.609,2.063,2.063,2.108,2.061,0.00,0.00,2,736,2.06|2.06|2.11|2.02
20.626,2.054,2.054,2.089,2.025,0.00,0.00,2,736,2.00|2.00|2.01|2.09
20.642,2.048,2.057,2.111,2.077,0.00,0.00,2,735,2.11|2.10|2.09|2.01
20.659,2.048,2.055,2.094,2.055,0.00,0.00,2,735,2.07|2.09|1.99|2.06
20.676,2.052,2.052,2.100,2.049,0.00,0.00,2,735,2.03|2.03|2.10|2.04
20.692,2.044,2.037,2.051,1.984,0.00,0.00,2,735,1.94|1.94|2.00|2.05
20.709,2.035,2.046,2.118,2.089,0.00,0.00,2,735,2.12|2.12|2.07|2.05
20.726,2.039,2.041,2.066,2.027,0.00,0.00,2,735,2.05|2.07|1.99|2.00
20.742,2.038,2.035,2.053,2.019,0.00,0.00,2,734,1.99|1.99|2.05|2.04
20.759,2.007,1.986,1.835,1.795,0.00,0.00,2,734,1.83|1.82|1.71|1.81
20.776,1.927,1.949,1.920,1.807,0.00,0.00,2,734,1.90|1.92|1.83|1.57
20.793,1.881,1.789,1.743,1.154,0.00,0.00,2,735,1.74|1.74|0.60|0.53
20.809,1.797,1.567,1.360,0.681,0.00,0.00,2,735,1.36|1.31|0.01|0.05
20.826,1.735,1.312,0.403,0.295,0.00,0.00,2,735,0.27|0.32|0.18|0.40
20.843,1.715,1.093,0.309,0.223,0.00,0.00,2,735,0.29|0.29|0.31|0.01
20.859,1.672,0.920,0.292,0.228,0.00,0.00,2,735,0.26|0.26|0.29|0.10
20.876,1.606,0.750,0.163,0.077,0.00,0.00,2,735,0.00|0.01|0.13|0.16
20.893,1.553,0.604,0.247,0.161,0.00,0.00,2,735,0.14|0.14|0.12|0.25
20.909,1.497,0.487,0.240,0.104,0.00,0.00,2,734,0.08|0.07|0.03|0.24
20.926,1.453,0.391,0.182,0.100,0.00,0.00,2,734,0.04|0.04|0.18|0.14
20.943,1.395,0.321,0.186,0.090,0.00,0.00,2,734,0.05|0.04|0.19|0.08
20.959,1.336,0.276,0.247,0.116,0.00,0.00,2,734,0.03|0.02|0.25|0.17
20.976,1.289,0.243,0.218,0.115,0.00,0.00,2,734,0.01|0.02|0.22|0.21
20.993,1.229,0.210,0.203,0.079,0.00,0.00,2,734,0.02|0.01|0.20|0.08
21.010,1.169,0.176,0.139,0.050,0.00,0.00,2,734,0.02|0.02|0.14|0.01
21.026,1.104,0.150,0.174,0.105,0.00,0.00,2,734,0.12|0.17|0.04|0.08
21.043,1.038,0.124,0.183,0.147,0.00,0.00,2,734,0.18|0.18|0.15|0.07
21.060,0.981,0.103,0.158,0.099,0.00,0.00,2,734,0.01|0.09|0.16|0.14
21.077,0.918,0.083,0.167,0.123,0.00,0.00,2,734,0.09|0.12|0.12|0.17
21.093,0.848,0.074,0.177,0.087,0.00,0.00,2,735,0.18|0.03|0.07|0.07
21.110,0.786,0.060,0.079,0.062,0.00,0.00,2,735,0.07|0.05|0.08|0.05
21.126,0.716,0.053,0.132,0.085,0.00,0.00,2,735,0.13|0.07|0.09|0.05
21.143,0.649,0.042,0.082,0.066,0.00,0.00,2,735,0.08|0.06|0.07|0.05
21.160,0.572,0.038,0.070,0.038,0.00,0.00,2,735,0.07|0.03|0.05|0.00
21.177,0.507,0.039,0.112,0.059,0.00,0.00,2,734,0.11|0.03|0.00|0.10
21.193,0.432,0.038,0.097,0.042,0.00,0.00,2,734,0.02|0.02|0.10|0.03
21.210,0.357,0.035,0.070,0.031,0.00,0.00,2,734,0.01|0.00|0.07|0.04
21.227,0.282,0.028,0.041,0.028,0.00,0.00,2,734,0.02|0.02|0.04|0.04
21.243,0.207,0.023,0.047,0.022,0.00,0.00,2,734,0.03|0.00|0.05|0.01
21.260,0.127,0.020,0.029,0.019,0.00,0.00,2,735,0.03|0.00|0.02|0.03
21.277,0.044,0.016,0.014,0.010,0.00,0.00,2,735,0.01|0.00|0.01|0.01
21.293,0.036,0.015,0.016,0.011,0.00,0.00,2,736,0.01|0.02|0.01|0.01
21.310,0.106,0.021,0.067,0.043,0.00,0.00,2,737,0.06|0.07|0.02|0.02
21.327,0.157,0.029,0.091,0.060,0.00,0.00,2,737,0.09|0.09|0.03|0.03
21.344,0.180,0.037,0.112,0.072,0.00,0.00,2,738,0.11|0.11|0.03|0.03
21.360,0.175,0.044,0.111,0.070,0.00,0.00,2,737,0.11|0.10|0.03|0.03
21.377,0.143,0.046,0.090,0.057,0.00,0.00,2,738,0.09|0.09|0.03|0.03
21.394,0.091,0.044,0.070,0.035,0.00,0.00,2,738,0.07|0.06|0.00|0.01
21.411,0.037,0.037,0.027,0.017,0.00,0.00,2,739,0.03|0.02|0.01|0.01
21.427,0.019,0.050,0.192,0.106,0.00,0.00,2,739,0.19|0.19|0.04|0.00
21.444,0.012,0.063,0.329,0.193,0.00,0.00,2,739,0.08|0.08|0.33|0.29
21.460,0.004,0.067,0.171,0.083,0.00,0.00,2,739,0.01|0.01|0.17|0.14
21.477,0.017,0.063,0.088,0.047,0.00,0.00,2,738,0.02|0.03|0.09|0.06
21.494,0.006,0.060,0.063,0.047,0.00,0.00,2,738,0.04|0.04|0.06|0.05
21.510,0.018,0.050,0.022,0.015,0.00,0.00,2,737,0.02|0.02|0.01|0.01
21.527,0.014,0.043,0.037,0.025,0.00,0.00,2,737,0.04|0.03|0.02|0.01
21.544,0.019,0.038,0.025,0.019,0.00,0.00,2,736,0.01|0.02|0.02|0.02
21.560,0.025,0.035,0.031,0.020,0.00,0.00,2,735,0.02|0.02|0.03|0.02
21.577,0.025,0.034,0.041,0.032,0.00,0.00,2,735,0.04|0.04|0.02|0.03
21.594,0.033,0.032,0.029,0.025,0.00,0.00,2,735,0.02|0.03|0.03|0.02
21.610,0.033,0.033,0.038,0.037,0.00,0.00,2,734,0.04|0.04|0.04|0.04
21.627,0.039,0.034,0.040,0.036,0.00,0.00,2,734,0.04|0.04|0.03|0.04
21.644,0.040,0.036,0.051,0.044,0.00,0.00,2,734,0.04|0.04|0.05|0.04
21.661,0.042,0.036,0.038,0.037,0.00,0.00,2,734,0.04|0.04|0.03|0.04
21.677,0.047,0.038,0.050,0.048,0.00,0.00,2,734,0.05|0.04|0.05|0.05
21.694,0.048,0.040,0.053,0.050,0.00,0.00,2,734,0.05|0.05|0.05|0.04
21.711,0.052,0.041,0.048,0.045,0.00,0.00,2,733,0.05|0.04|0.04|0.05
21.728,0.056,0.045,0.061,0.058,0.00,0.00,2,733,0.06|0.06|0.06|0.06
21.744,0.059,0.047,0.059,0.056,0.00,0.00,2,733,0.06|0.06|0.06|0.05
21.761,0.063,0.049,0.062,0.059,0.00,0.00,2,734,0.06|0.06|0.06|0.06
21.777,0.066,0.053,0.070,0.067,0.00,0.00,2,734,0.07|0.07|0.07|0.07
21.795,0.068,0.055,0.067,0.065,0.00,0.00,2,733,0.07|0.07|0.07|0.06
21.811,0.071,0.058,0.071,0.068,0.00,0.00,2,733,0.07|0.07|0.07|0.07
21.828,0.072,0.060,0.074,0.071,0.00,0.00,2,732,0.07|0.07|0.07|0.07
21.845,0.073,0.062,0.073,0.071,0.00,0.00,2,733,0.07|0.07|0.07|0.07
21.861,0.073,0.064,0.073,0.071,0.00,0.00,2,733,0.07|0.07|0.07|0.07
21.878,0.074,0.066,0.074,0.071,0.00,0.00,2,733,0.07|0.07|0.07|0.07
21.895,0.073,0.067,0.076,0.072,0.00,0.00,2,733,0.07|0.07|0.08|0.07
21.911,0.071,0.067,0.071,0.068,0.00,0.00,2,733,0.07|0.07|0.07|0.06
21.928,0.069,0.067,0.070,0.067,0.00,0.00,2,733,0.07|0.06|0.07|0.07
21.944,0.067,0.067,0.071,0.066,0.00,0.00,2,734,0.07|0.06|0.07|0.06
21.961,0.063,0.065,0.063,0.061,0.00,0.00,2,734,0.06|0.06|0.06|0.06
21.978,0.060,0.064,0.061,0.057,0.00,0.00,2,735,0.06|0.06|0.06|0.05
21.995,0.057,0.062,0.059,0.055,0.00,0.00,2,735,0.06|0.06|0.06|0.05
22.011,0.052,0.060,0.052,0.050,0.00,0.00,2,736,0.05|0.05|0.05|0.05
22.028,0.047,0.057,0.047,0.045,0.00,0.00,2,736,0.05|0.04|0.05|0.04
22.045,0.042,0.054,0.045,0.042,0.00,0.00,2,736,0.04|0.04|0.04|0.04
22.062,0.037,0.050,0.037,0.036,0.00,0.00,2,737,0.04|0.04|0.04|0.03
22.078,0.032,0.046,0.034,0.032,0.00,0.00,2,737,0.03|0.03|0.03|0.03
22.095,0.027,0.043,0.029,0.028,0.00,0.00,2,737,0.03|0.03|0.03|0.03
22.112,0.022,0.038,0.023,0.022,0.00,0.00,2,737,0.02|0.02|0.02|0.02
22.128,0.017,0.034,0.018,0.017,0.00,0.00,2,737,0.02|0.02|0.02|0.02
22.145,0.011,0.030,0.013,0.012,0.00,0.00,2,737,0.01|0.01|0.01|0.01
22.162,0.006,0.025,0.007,0.006,0.00,0.00,2,737,0.01|0.01|0.00|0.00
22.178,0.002,0.020,0.002,0.001,0.00,0.00,2,737,0.00|0.00|0.00|0.00
22.195,0.004,0.016,0.002,0.001,0.00,0.00,2,737,0.00|0.00|0.00|0.00
22.212,0.009,0.015,0.010,0.008,0.00,0.00,2,737,0.01|0.01|0.01|0.01
22.228,0.013,0.015,0.016,0.014,0.00,0.00,2,737,0.01|0.01|0.02|0.01
22.245,0.017,0.015,0.017,0.017,0.00,0.00,2,737,0.02|0.02|0.02|0.02
22.262,0.022,0.016,0.022,0.021,0.00,0.00,2,737,0.02|0.02|0.02|0.02
22.279,0.026,0.018,0.028,0.026,0.00,0.00,2,737,0.03|0.03|0.03|0.03
22.295,0.030,0.020,0.030,0.029,0.00,0.00,2,737,0.03|0.03|0.03|0.03
22.312,0.034,0.023,0.033,0.033,0.00,0.00,2,737,0.03|0.03|0.03|0.03
22.329,0.037,0.026,0.038,0.037,0.00,0.00,2,737,0.04|0.04|0.04|0.04
22.346,0.040,0.028,0.041,0.040,0.00,0.00,2,737,0.04|0.04|0.04|0.04
22.362,0.044,0.031,0.044,0.042,0.00,0.00,2,738,0.04|0.04|0.04|0.04
22.379,0.046,0.034,0.048,0.045,0.00,0.00,2,738,0.04|0.04|0.05|0.04
22.395,0.048,0.036,0.050,0.047,0.00,0.00,2,738,0.05|0.05|0.05|0.04
22.412,0.050,0.039,0.052,0.048,0.00,0.00,2,738,0.05|0.05|0.05|0.05
22.429,0.052,0.041,0.055,0.050,0.00,0.00,2,738,0.05|0.05|0.05|0.05
22.446,0.052,0.043,0.054,0.051,0.00,0.00,2,737,0.05|0.05|0.05|0.05
22.462,0.053,0.045,0.054,0.051,0.00,0.00,2,737,0.05|0.05|0.05|0.05
22.479,0.053,0.046,0.056,0.052,0.00,0.00,2,737,0.05|0.05|0.06|0.05
22.496,0.052,0.047,0.054,0.051,0.00,0.00,2,738,0.05|0.05|0.05|0.05
22.513,0.052,0.048,0.052,0.050,0.00,0.00,2,739,0.05|0.05|0.05|0.05
22.529,0.050,0.048,0.052,0.050,0.00,0.00,2,739,0.05|0.05|0.05|0.05
22.546,0.049,0.048,0.050,0.048,0.00,0.00,2,740,0.05|0.05|0.05|0.05
22.562,0.047,0.047,0.047,0.045,0.00,0.00,2,740,0.05|0.04|0.05|0.04
22.579,0.045,0.047,0.046,0.043,0.00,0.00,2,741,0.04|0.04|0.05|0.04
22.596,0.042,0.046,0.044,0.042,0.06,0.00,2,740,0.04|0.04|0.04|0.04
22.613,0.038,0.044,0.040,0.038,0.16,0.00,2,752,0.04|0.04|0.04|0.04
22.629,0.035,0.042,0.036,0.035,0.20,0.00,2,776,0.03|0.03|0.04|0.04
22.646,0.033,0.040,0.035,0.033,0.30,0.00,2,810,0.03|0.03|0.03|0.03
22.663,0.029,0.038,0.032,0.030,0.49,0.00,2,853,0.03|0.03|0.03|0.03
22.679,0.025,0.035,0.026,0.024,0.80,0.00,2,903,0.03|0.02|0.03|0.02
22.696,0.022,0.032,0.023,0.021,1.00,0.00,2,959,0.02|0.02|0.02|0.02
22.713,0.018,0.029,0.018,0.017,1.00,0.00,2,1020,0.02|0.02|0.02|0.02
22.729,0.014,0.026,0.013,0.013,1.00,0.00,2,1085,0.01|0.01|0.01|0.01
22.746,0.009,0.023,0.011,0.010,1.00,0.00,2,1155,0.01|0.01|0.01|0.01
22.763,0.005,0.019,0.006,0.005,1.00,0.00,2,1228,0.01|0.00|0.00|0.01
22.780,0.002,0.016,0.003,0.002,1.00,0.00,2,1306,0.00|0.00|0.00|0.00
22.796,0.004,0.013,0.003,0.002,1.00,0.00,2,1388,0.00|0.00|0.00|0.00
22.813,0.007,0.012,0.010,0.007,1.00,0.00,2,1476,0.01|0.01|0.01|0.01
22.830,0.010,0.011,0.012,0.010,1.00,0.00,2,1570,0.01|0.01|0.01|0.01
22.846,0.013,0.012,0.013,0.013,1.00,0.00,2,1671,0.01|0.01|0.01|0.01
22.863,0.017,0.013,0.018,0.016,1.00,0.00,2,1779,0.02|0.02|0.02|0.02
22.880,0.020,0.014,0.020,0.019,1.00,0.00,2,1894,0.02|0.02|0.02|0.02
22.896,0.022,0.015,0.023,0.022,1.00,0.00,2,2016,0.02|0.02|0.02|0.02
22.914,0.025,0.017,0.026,0.025,1.00,0.00,2,2145,0.02|0.02|0.03|0.02
22.930,0.028,0.019,0.029,0.027,1.00,0.00,2,2279,0.03|0.03|0.03|0.03
22.947,0.030,0.021,0.031,0.029,1.00,0.00,2,2418,0.03|0.03|0.03|0.03
22.963,0.032,0.023,0.034,0.032,1.00,0.00,2,2563,0.03|0.03|0.03|0.03
22.980,0.034,0.025,0.035,0.033,1.00,0.00,2,2711,0.03|0.03|0.04|0.03
22.996,0.036,0.027,0.036,0.034,1.00,0.00,2,2864,0.03|0.03|0.04|0.03
23.013,0.037,0.029,0.039,0.036,1.00,0.00,2,3019,0.04|0.03|0.04|0.03
23.030,0.038,0.030,0.040,0.037,1.00,0.00,2,3178,0.04|0.04|0.04|0.03
23.047,0.038,0.032,0.040,0.037,1.00,0.00,2,3338,0.04|0.04|0.04|0.04
23.063,0.039,0.033,0.040,0.038,1.00,0.00,2,3500,0.04|0.04|0.04|0.04
23.080,0.039,0.034,0.040,0.038,1.00,0.16,2,3662,0.04|0.04|0.04|0.04
23.097,0.055,0.039,0.087,0.059,1.00,0.33,2,3814,0.09|0.09|0.03|0.03
23.114,0.112,0.199,1.598,0.843,1.00,0.49,2,3941,1.55|1.60|0.11|0.11
23.131,0.121,0.766,5.980,3.037,1.00,0.67,2,4033,5.87|5.98|0.16|0.15
23.147,0.155,1.853,12.341,6.212,1.00,0.83,2,4086,12.30|12.34|0.11|0.10
23.164,0.185,3.428,19.253,9.738,1.00,1.00,2,4101,19.25|19.20|0.25|0.25
23.180,0.223,4.879,21.260,10.698,1.00,1.00,2,4123,21.26|21.08|0.23|0.23
23.197,0.229,5.863,19.444,9.813,1.00,1.00,2,4177,19.44|19.25|0.28|0.28
23.214,0.279,6.880,21.696,10.966,1.00,1.00,2,4217,21.70|21.52|0.32|0.33
23.231,0.330,7.635,21.004,10.668,1.00,1.00,2,4267,21.00|20.70|0.55|0.42
23.247,0.344,8.321,21.486,11.078,1.00,1.00,2,4312,21.49|21.25|1.04|0.53
23.264,0.431,9.014,21.749,11.806,1.00,1.00,2,4353,21.75|21.47|2.09|1.91
23.281,0.436,9.787,21.460,12.900,1.00,1.00,2,4393,21.46|21.21|4.52|4.41
23.297,0.493,10.764,21.797,14.693,1.00,1.00,2,4419,21.80|21.69|7.63|7.66
23.314,0.525,11.836,21.337,16.154,1.00,1.00,2,4441,21.34|21.24|10.97|11.07
23.331,0.582,13.071,21.574,18.042,1.00,1.00,2,4452,21.57|21.53|14.49|14.58
23.348,0.632,14.374,21.388,19.618,1.00,1.00,2,4458,21.39|21.14|18.03|17.92
23.364,0.673,15.753,21.451,21.305,1.00,1.00,2,4459,21.45|21.15|21.30|21.31
23.381,0.727,17.068,22.776,22.367,1.00,1.00,2,4467,22.09|21.87|22.78|22.74
23.397,0.759,18.039,22.040,21.959,1.00,1.00,2,4501,22.01|21.82|22.04|21.96
23.414,0.794,18.786,22.458,21.810,1.00,1.00,2,4551,22.46|22.09|21.39|21.30
23.431,0.851,19.555,22.772,22.665,1.00,1.00,2,4596,22.77|22.43|22.74|22.72
23.448,0.890,20.367,23.931,23.651,1.00,1.00,2,4635,23.54|23.29|23.84|23.93
23.464,0.943,20.956,23.578,23.346,1.00,1.00,2,4690,23.32|23.15|23.34|23.58
23.481,0.976,21.402,23.693,23.220,1.00,1.00,2,4751,23.69|23.55|22.68|22.96
23.498,1.011,21.860,23.884,23.725,1.00,1.00,2,4804,23.76|23.64|23.61|23.88
23.514,1.069,22.383,24.888,24.508,1.00,1.00,2,4847,24.35|24.31|24.48|24.89
23.531,1.091,22.748,24.590,24.238,1.00,1.00,2,4887,24.06|24.07|24.23|24.59
23.548,1.122,22.937,23.826,23.722,1.00,1.00,2,4917,23.83|23.82|23.47|23.77
23.564,1.179,23.041,23.729,23.486,1.00,1.00,2,4940,23.73|23.66|23.13|23.42
23.581,1.220,23.202,24.053,23.880,1.00,1.00,2,4956,23.91|23.79|23.77|24.05
23.598,1.275,23.424,24.652,24.342,1.00,1.00,2,4970,24.26|24.10|24.36|24.65
23.615,1.329,23.567,24.411,24.166,0.85,1.00,2,4983,24.18|23.97|24.11|24.41
23.631,1.342,23.594,23.933,23.728,0.80,1.00,2,4993,23.93|23.77|23.46|23.75
23.648,1.378,23.588,23.793,23.590,0.73,1.00,2,5000,23.79|23.65|23.30|23.62
23.665,1.419,23.647,24.077,23.905,0.73,1.00,2,5003,23.96|23.81|23.77|24.08
23.681,1.487,23.744,24.497,24.155,0.73,1.00,2,5007,24.16|23.88|24.08|24.50
23.698,1.537,23.792,24.235,24.008,0.73,1.00,2,5011,24.12|23.81|23.86|24.23
23.715,1.570,23.780,23.958,23.756,0.73,1.00,2,5015,23.96|23.68|23.55|23.83
23.731,1.606,23.766,23.859,23.729,0.73,1.00,2,5016,23.86|23.72|23.54|23.79
23.749,1.651,23.792,24.011,23.915,0.73,1.00,2,5017,24.00|23.90|23.75|24.01
23.765,1.702,23.819,24.159,23.945,0.73,1.00,2,5018,23.94|23.83|23.85|24.16
23.781,1.756,23.840,24.130,23.943,0.73,1.00,2,5020,24.00|23.86|23.77|24.13
23.798,1.803,23.842,24.045,23.866,0.75,1.00,2,5021,24.05|23.79|23.64|23.98
23.815,1.835,23.832,24.053,23.810,0.75,1.00,2,5022,24.05|23.80|23.51|23.87
23.832,1.863,23.807,24.051,23.723,0.75,1.00,2,5023,24.05|23.79|23.36|23.69
23.849,1.902,23.766,24.027,23.621,0.75,1.00,2,5023,24.03|23.81|23.12|23.52
23.865,1.949,23.714,24.058,23.524,0.75,1.00,2,5024,24.06|23.84|22.92|23.28
23.881,1.991,23.648,24.070,23.398,0.75,1.00,2,5025,24.07|23.84|22.69|23.00
23.898,2.034,23.569,24.051,23.269,0.73,1.00,2,5025,24.05|23.85|22.42|22.75
23.915,2.077,23.474,24.032,23.106,0.73,1.00,2,5026,24.03|23.81|22.11|22.47
23.932,2.134,23.372,24.015,22.978,0.73,1.00,2,5026,24.01|23.80|21.81|22.28
23.949,2.166,23.264,23.974,22.844,0.73,1.00,2,5026,23.97|23.79|21.61|22.00
23.965,2.210,23.149,24.027,22.703,0.73,1.00,2,5026,24.03|23.73|21.32|21.74
23.982,2.263,23.045,24.071,22.640,0.73,1.00,2,5026,24.07|23.72|21.17|21.60
23.998,2.303,22.944,24.088,22.548,0.73,1.00,2,5026,24.09|23.72|20.99|21.40
24.015,2.342,22.848,24.014,22.475,0.73,1.00,2,5026,24.01|23.78|20.82|21.29
24.032,2.382,22.757,24.004,22.399,0.73,1.00,2,5026,24.00|23.78|20.72|21.09
24.049,2.437,22.676,24.013,22.359,0.73,1.00,2,5026,24.01|23.80|20.55|21.07
24.065,2.454,22.605,24.080,22.328,0.73,1.00,2,5026,24.08|23.78|20.51|20.94
24.082,2.520,22.546,24.085,22.315,0.73,1.00,2,5025,24.08|23.77|20.49|20.92
24.099,2.569,22.497,24.057,22.305,0.73,1.00,2,5025,24.06|23.77|20.43|20.96
24.116,2.590,22.451,24.011,22.272,0.72,1.00,2,5025,24.01|23.75|20.42|20.91
24.132,2.656,22.421,23.990,22.304,0.72,1.00,2,5025,23.99|23.75|20.48|21.00
24.149,2.684,22.406,24.026,22.352,0.72,1.00,2,5024,24.03|23.75|20.58|21.05
24.166,2.722,22.401,24.052,22.385,0.72,1.00,2,5024,24.05|23.74|20.63|21.12
24.182,2.779,22.412,24.063,22.455,0.72,1.00,2,5024,24.06|23.79|20.69|21.28
24.199,2.806,22.432,24.050,22.515,0.72,1.00,2,5023,24.05|23.78|20.88|21.35
24.215,2.857,22.464,24.035,22.595,0.72,1.00,2,5023,24.04|23.78|21.00|21.56
24.232,2.899,22.503,24.056,22.657,0.72,1.00,2,5023,24.06|23.75|21.14|21.69
24.249,2.939,22.551,24.075,22.742,0.72,1.00,2,5023,24.07|23.73|21.33|21.83
24.266,2.992,22.604,24.093,22.811,0.72,1.00,2,5023,24.09|23.70|21.42|22.03
24.282,3.031,22.658,24.063,22.875,0.72,1.00,2,5022,24.06|23.67|21.63|22.14
24.299,3.072,22.717,24.029,22.951,0.72,1.00,2,5022,24.03|23.68|21.79|22.31
24.316,3.121,22.779,23.994,23.021,0.72,1.00,2,5022,23.99|23.69|21.89|22.51
24.332,3.164,22.849,24.055,23.128,0.72,1.00,2,5022,24.05|23.75|22.07|22.64
24.349,3.204,22.916,24.086,23.179,0.72,1.00,2,5022,24.09|23.75|22.14|22.74
24.366,3.236,22.981,24.113,23.234,0.72,1.00,2,5022,24.11|23.75|22.25|22.82
24.383,3.276,23.037,24.051,23.258,0.72,1.00,2,5023,24.05|23.75|22.34|22.89
24.399,3.325,23.085,24.060,23.266,0.72,1.00,2,5023,24.06|23.74|22.35|22.91
24.416,3.379,23.121,24.069,23.259,0.72,1.00,2,5023,24.07|23.75|22.27|22.95
24.433,3.424,23.150,24.113,23.258,0.72,1.00,2,5023,24.11|23.73|22.26|22.93
24.449,3.466,23.165,24.105,23.214,0.72,1.00,2,5024,24.11|23.72|22.19|22.85
24.466,3.507,23.159,24.088,23.129,0.72,1.00,2,5024,24.09|23.71|22.02|22.70
24.483,3.537,23.141,24.072,23.056,0.72,1.00,2,5024,24.07|23.73|21.92|22.51
24.499,3.583,23.114,24.083,23.000,0.72,1.00,2,5024,24.08|23.79|21.79|22.34
24.516,3.635,23.078,24.107,22.925,0.72,1.00,2,5025,24.11|23.77|21.57|22.25
24.533,3.668,23.035,24.117,22.851,0.72,1.00,2,5025,24.12|23.76|21.45|22.08
24.549,3.707,22.977,24.092,22.732,0.72,1.00,2,5025,24.09|23.72|21.22|21.89
24.566,3.757,22.917,24.072,22.670,0.72,1.00,2,5025,24.07|23.72|21.13|21.76
24.583,3.801,22.852,24.092,22.577,0.72,1.00,2,5025,24.09|23.71|20.93|21.58
24.600,3.837,22.789,24.131,22.523,0.72,1.00,2,5025,24.13|23.67|20.80|21.49
24.616,3.882,22.728,24.169,22.470,0.72,1.00,2,5025,24.17|23.64|20.70|21.37
24.633,3.935,22.665,24.135,22.400,0.72,1.00,2,5025,24.13|23.64|20.55|21.28
24.650,3.962,22.602,24.066,22.333,0.72,1.00,2,5025,24.07|23.64|20.49|21.14
24.667,4.020,22.552,24.068,22.335,0.72,1.00,2,5025,24.07|23.69|20.45|21.13
24.683,4.063,22.506,24.095,22.309,0.72,1.00,2,5025,24.09|23.71|20.37|21.06
24.700,4.118,22.467,24.135,22.294,0.72,1.00,2,5025,24.14|23.69|20.27|21.08
24.717,4.137,22.433,24.112,22.281,0.72,1.00,2,5024,24.11|23.71|20.32|20.98
24.733,4.177,22.410,24.080,22.300,0.72,1.00,2,5024,24.08|23.72|20.35|21.05
24.750,4.226,22.395,24.093,22.315,0.72,1.00,2,5024,24.09|23.71|20.35|21.11
24.767,4.281,22.382,24.158,22.310,0.72,1.00,2,5024,24.16|23.68|20.31|21.10
24.783,4.313,22.378,24.163,22.342,0.72,1.00,2,5024,24.16|23.66|20.35|21.19
24.800,4.348,22.379,24.130,22.367,0.71,1.00,2,5024,24.13|23.66|20.49|21.19
24.817,4.415,22.388,24.055,22.405,0.71,1.00,2,5023,24.05|23.67|20.53|21.36
24.833,4.442,22.399,24.063,22.425,0.71,1.00,2,5023,24.06|23.68|20.58|21.38
24.850,4.493,22.424,24.109,22.507,0.71,1.00,2,5023,24.11|23.69|20.70|21.53
24.867,4.515,22.461,24.150,22.587,0.71,1.00,2,5023,24.15|23.70|20.89|21.61
24.883,4.576,22.497,24.130,22.621,0.71,1.00,2,5023,24.13|23.72|20.87|21.76
24.900,4.612,22.534,24.105,22.664,0.71,1.00,2,5023,24.10|23.71|21.04|21.80
24.917,4.656,22.580,24.115,22.739,0.71,1.00,2,5022,24.12|23.72|21.18|21.94
24.934,4.698,22.627,24.166,22.792,0.71,1.00,2,5022,24.17|23.68|21.23|22.10
24.950,4.741,22.675,24.171,22.842,0.71,1.00,2,5022,24.17|23.67|21.37|22.16
24.967,4.780,22.716,24.128,22.857,0.71,1.00,2,5022,24.13|23.66|21.41|22.22
24.984,4.830,22.754,24.062,22.881,0.71,1.00,2,5022,24.06|23.62|21.49|22.35
25.000,4.874,22.789,24.087,22.902,0.71,1.00,2,5022,24.09|23.60|21.51|22.41
25.017,4.907,22.822,24.141,22.929,0.71,1.00,2,5023,24.14|23.60|21.60|22.37
25.034,4.956,22.853,24.171,22.951,0.71,1.00,2,5023,24.17|23.63|21.61|22.39
25.051,5.007,22.876,24.149,22.940,0.71,1.00,2,5023,24.15|23.64|21.55|22.42
25.067,5.043,22.892,24.120,22.933,0.71,1.00,2,5023,24.12|23.66|21.55|22.40
25.084,5.084,22.901,24.161,22.907,0.71,1.00,2,5023,24.16|23.72|21.44|22.31
25.101,5.121,22.902,24.185,22.877,0.71,1.00,2,5023,24.19|23.71|21.41|22.20
25.117,5.185,22.897,24.195,22.848,0.71,1.00,2,5024,24.20|23.70|21.28|22.21
25.134,5.209,22.877,24.118,22.772,0.71,1.00,2,5024,24.12|23.67|21.24|22.06
25.151,5.250,22.842,24.086,22.674,0.71,1.00,2,5024,24.09|23.66|21.05|21.90
25.168,5.304,22.809,24.116,22.647,0.71,1.00,2,5024,24.12|23.66|20.95|21.86
25.184,5.346,22.775,24.180,22.610,0.71,1.00,2,5024,24.18|23.65|20.86|21.75
25.201,5.385,22.732,24.165,22.535,0.71,1.00,2,5024,24.17|23.64|20.71|21.63
25.217,5.432,22.691,24.144,22.496,0.71,1.00,2,5024,24.14|23.63|20.67|21.54
25.234,5.472,22.650,24.149,22.461,0.71,1.00,2,5024,24.15|23.69|20.57|21.44
25.251,5.517,22.613,24.194,22.433,0.71,1.00,2,5024,24.19|23.68|20.45|21.41
25.268,5.554,22.578,24.211,22.409,0.71,1.00,2,5024,24.21|23.68|20.44|21.30
25.284,5.604,22.545,24.117,22.384,0.71,1.00,2,5024,24.12|23.68|20.42|21.32
25.301,5.637,22.510,24.095,22.341,0.71,1.00,2,5024,24.09|23.69|20.36|21.22
25.318,5.686,22.479,24.104,22.325,0.71,1.00,2,5024,24.10|23.68|20.27|21.24
25.335,5.713,22.453,24.175,22.320,0.71,1.00,2,5024,24.17|23.61|20.28|21.21
25.351,5.774,22.435,24.191,22.329,0.71,1.00,2,5024,24.19|23.59|20.32|21.21
25.368,5.815,22.423,24.180,22.345,0.71,1.00,2,5024,24.18|23.59|20.34|21.28
25.384,5.853,22.408,24.152,22.316,0.71,1.00,2,5023,24.15|23.57|20.27|21.28
25.402,5.905,22.402,24.198,22.345,0.71,1.00,2,5023,24.20|23.57|20.28|21.33
25.418,5.931,22.401,24.211,22.364,0.71,1.00,2,5023,24.21|23.58|20.34|21.32
25.435,5.987,22.409,24.147,22.411,0.71,1.00,2,5023,24.15|23.62|20.44|21.43
25.451,6.030,22.418,24.120,22.422,0.71,1.00,2,5023,24.12|23.63|20.45|21.48
25.468,6.077,22.430,24.108,22.445,0.71,1.00,2,5023,24.11|23.64|20.46|21.57
25.484,6.120,22.454,24.186,22.516,0.71,1.00,2,5023,24.19|23.66|20.61|21.61
25.501,6.157,22.482,24.210,22.561,0.71,1.00,2,5023,24.21|23.65|20.70|21.68
25.518,6.197,22.507,24.186,22.573,0.71,1.00,2,5023,24.19|23.64|20.69|21.78
25.535,6.234,22.534,24.168,22.607,0.71,1.00,2,5023,24.17|23.61|20.84|21.81
25.551,6.286,22.567,24.193,22.663,0.71,1.00,2,5023,24.19|23.62|20.90|21.94
25.568,6.321,22.595,24.223,22.672,0.71,1.00,2,5023,24.22|23.61|20.89|21.96
25.585,6.366,22.624,24.201,22.703,0.71,1.00,2,5023,24.20|23.58|21.01|22.02
25.602,6.417,22.652,24.154,22.728,0.71,1.00,2,5023,24.15|23.60|21.02|22.14
25.618,6.449,22.678,24.130,22.743,0.71,1.00,2,5023,24.13|23.60|21.06|22.18
25.635,6.489,22.710,24.220,22.804,0.71,1.00,2,5023,24.22|23.63|21.17|22.20
25.652,6.546,22.738,24.234,22.814,0.71,1.00,2,5023,24.23|23.63|21.12|22.27
25.668,6.585,22.762,24.201,22.822,0.71,1.00,2,5023,24.20|23.64|21.18|22.27
25.685,6.625,22.774,24.180,22.786,0.71,1.00,2,5023,24.18|23.67|21.08|22.22
25.702,6.665,22.786,24.210,22.796,0.71,1.00,2,5023,24.21|23.66|21.13|22.18
25.718,6.717,22.793,24.255,22.783,0.71,1.00,2,5023,24.26|23.65|21.03|22.19
25.735,6.747,22.789,24.226,22.735,0.71,1.00,2,5023,24.23|23.61|20.99|22.12
25.752,6.784,22.778,24.190,22.695,0.71,1.00,2,5024,24.19|23.61|20.97|22.01
25.769,6.848,22.760,24.180,22.649,0.71,1.00,2,5024,24.18|23.61|20.81|22.00
25.785,6.878,22.742,24.253,22.630,0.71,1.00,2,5024,24.25|23.54|20.80|21.93
25.802,6.915,22.719,24.277,22.588,0.71,1.00,2,5024,24.28|23.54|20.73|21.81
25.819,6.973,22.691,24.230,22.539,0.71,1.00,2,5024,24.23|23.54|20.58|21.81
25.835,6.997,22.662,24.199,22.506,0.71,1.00,2,5024,24.20|23.53|20.58|21.71
25.852,7.051,22.635,24.244,22.491,0.71,1.00,2,5024,24.24|23.54|20.52|21.66
25.869,7.102,22.607,24.251,22.455,0.71,1.00,2,5024,24.25|23.54|20.41|21.62
25.886,7.130,22.575,24.158,22.405,0.71,1.00,2,5024,24.16|23.58|20.32|21.55
25.902,7.179,22.550,24.138,22.409,0.71,1.00,2,5024,24.14|23.59|20.36|21.55
25.919,7.217,22.528,24.154,22.399,0.71,1.00,2,5024,24.15|23.58|20.37|21.49
25.936,7.279,22.511,24.223,22.402,0.71,1.00,2,5024,24.22|23.61|20.24|21.54
25.952,7.307,22.491,24.223,22.368,0.71,1.00,2,5024,24.22|23.60|20.21|21.44
25.969,7.344,22.476,24.193,22.374,0.71,1.00,2,5024,24.19|23.60|20.19|21.51
25.986,7.384,22.467,24.196,22.389,0.71,1.00,2,5024,24.20|23.60|20.29|21.47
26.003,7.450,22.463,24.234,22.406,0.71,1.00,2,5023,24.23|23.59|20.26|21.53
26.019,7.475,22.457,24.267,22.387,0.71,1.00,2,5023,24.27|23.59|20.21|21.48
26.036,7.528,22.455,24.242,22.402,0.71,1.00,2,5023,24.24|23.57|20.21|21.59
26.053,7.547,22.452,24.179,22.395,0.71,1.00,2,5023,24.18|23.53|20.29|21.58
26.070,7.606,22.458,24.228,22.439,0.71,1.00,2,5023,24.23|23.52|20.36|21.65
26.086,7.653,22.468,24.289,22.469,0.71,1.00,2,5023,24.29|23.51|20.40|21.67
26.103,7.695,22.476,24.284,22.461,0.71,1.00,2,5023,24.28|23.50|20.35|21.72
26.120,7.740,22.488,24.249,22.495,0.71,1.00,2,5023,24.25|23.51|20.42|21.80
26.136,7.759,22.506,24.256,22.534,0.71,1.00,2,5023,24.26|23.52|20.54|21.82
26.153,7.822,22.528,24.314,22.571,0.71,1.00,2,5023,24.31|23.55|20.53|21.90
26.170,7.876,22.547,24.277,22.582,0.71,1.00,2,5023,24.28|23.55|20.53|21.98
26.186,7.894,22.564,24.214,22.590,0.71,1.00,2,5023,24.21|23.55|20.60|21.99
26.203,7.946,22.590,24.243,22.651,0.71,1.00,2,5023,24.24|23.59|20.70|22.08
26.220,8.000,22.615,24.297,22.674,0.71,1.00,2,5023,24.30|23.58|20.67|22.15
26.236,8.023,22.637,24.316,22.682,0.71,1.00,2,5023,24.32|23.57|20.71|22.14
26.253,8.072,22.658,24.246,22.698,0.71,1.00,2,5023,24.25|23.58|20.80|22.17
26.270,8.132,22.678,24.256,22.714,0.71,1.00,2,5023,24.26|23.59|20.77|22.24
26.286,8.149,22.694,24.295,22.713,0.71,1.00,2,5023,24.29|23.59|20.79|22.17
26.303,8.203,22.713,24.309,22.744,0.71,1.00,2,5023,24.31|23.60|20.85|22.22
26.320,8.255,22.717,24.214,22.687,0.71,1.00,2,5023,24.21|23.56|20.73|22.25
26.336,8.278,22.718,24.189,22.676,0.71,1.00,2,5023,24.19|23.57|20.75|22.20
26.353,8.319,22.719,24.225,22.676,0.71,1.00,2,5023,24.22|23.57|20.77|22.14
26.370,8.383,22.714,24.290,22.644,0.71,1.00,2,5023,24.29|23.50|20.63|22.15
26.387,8.412,22.704,24.253,22.618,0.71,1.00,2,5024,24.25|23.50|20.62|22.10
26.404,8.451,22.691,24.216,22.588,0.71,1.00,2,5024,24.22|23.51|20.62|22.01
26.420,8.509,22.676,24.232,22.571,0.71,1.00,2,5024,24.23|23.52|20.51|22.02
26.437,8.546,22.659,24.283,22.538,0.71,1.00,2,5024,24.28|23.51|20.40|21.96
26.454,8.585,22.640,24.243,22.514,0.71,1.00,2,5024,24.24|23.51|20.43|21.87
26.470,8.635,22.622,24.187,22.504,0.71,1.00,2,5024,24.19|23.53|20.41|21.89
26.487,8.661,22.597,24.158,22.448,0.71,1.00,2,5024,24.16|23.54|20.33|21.77
26.504,8.723,22.578,24.211,22.450,0.71,1.00,2,5024,24.21|23.56|20.24|21.79
26.520,8.754,22.560,24.246,22.439,0.71,1.00,2,5024,24.25|23.56|20.17|21.78
26.537,8.799,22.544,24.229,22.434,0.71,1.00,2,5024,24.23|23.56|20.23|21.72
26.553,8.845,22.533,24.202,22.437,0.71,1.00,2,5024,24.20|23.56|20.24|21.74
26.570,8.884,22.519,24.220,22.413,0.71,1.00,2,5024,24.22|23.60|20.16|21.68
26.587,8.938,22.511,24.253,22.427,0.71,1.00,2,5024,24.25|23.60|20.10|21.75
26.604,8.968,22.502,24.259,22.416,0.71,1.00,2,5023,24.26|23.60|20.08|21.72
26.620,9.019,22.496,24.226,22.419,0.71,1.00,2,5023,24.23|23.60|20.12|21.73
26.637,9.056,22.494,24.168,22.433,0.71,1.00,2,5023,24.17|23.60|20.20|21.76
26.653,9.093,22.492,24.197,22.430,0.71,1.00,2,5023,24.20|23.60|20.20|21.73
26.670,9.150,22.495,24.242,22.455,0.71,1.00,2,5023,24.24|23.59|20.18|21.81
26.687,9.177,22.497,24.261,22.454,0.71,1.00,2,5023,24.26|23.57|20.17|21.81
26.704,9.226,22.498,24.217,22.447,0.71,1.00,2,5023,24.22|23.54|20.19|21.84
26.720,9.261,22.505,24.239,22.478,0.71,1.00,2,5023,24.24|23.53|20.24|21.90
26.737,9.300,22.515,24.288,22.504,0.71,1.00,2,5023,24.29|23.53|20.31|21.89
26.754,9.358,22.531,24.302,22.538,0.71,1.00,2,5023,24.30|23.52|20.34|21.99
26.771,9.398,22.537,24.223,22.509,0.71,1.00,2,5023,24.22|23.51|20.29|22.01
26.787,9.434,22.545,24.197,22.520,0.71,1.00,2,5023,24.20|23.53|20.33|22.02
26.804,9.476,22.559,24.209,22.564,0.71,1.00,2,5023,24.21|23.54|20.38|22.12
26.821,9.523,22.578,24.275,22.600,0.71,1.00,2,5023,24.27|23.56|20.45|22.11
26.837,9.569,22.594,24.256,22.604,0.71,1.00,2,5023,24.26|23.57|20.43|22.16
26.854,9.611,22.607,24.224,22.608,0.71,1.00,2,5023,24.22|23.57|20.40|22.24
26.871,9.647,22.623,24.224,22.633,0.71,1.00,2,5023,24.22|23.58|20.50|22.23
26.887,9.690,22.645,24.281,22.679,0.71,1.00,2,5023,24.28|23.62|20.57|22.25
26.904,9.740,22.660,24.276,22.665,0.71,1.00,2,5023,24.28|23.62|20.48|22.29
26.921,9.787,22.670,24.224,22.657,0.71,1.00,2,5023,24.22|23.61|20.48|22.31
26.937,9.813,22.677,24.189,22.651,0.71,1.00,2,5023,24.19|23.60|20.55|22.26
26.954,9.856,22.683,24.233,22.652,0.71,1.00,2,5023,24.23|23.60|20.53|22.25
26.971,9.916,22.686,24.273,22.645,0.71,1.00,2,5023,24.27|23.59|20.42|22.30
26.988,9.938,22.682,24.234,22.612,0.71,1.00,2,5023,24.23|23.52|20.43|22.27
27.004,9.978,22.681,24.234,22.617,0.71,1.00,2,5023,24.23|23.55|20.47|22.22
27.021,10.034,22.674,24.251,22.590,0.71,1.00,2,5023,24.25|23.53|20.40|22.18
27.038,10.082,22.666,24.297,22.580,0.71,1.00,2,5023,24.30|23.54|20.33|22.15
27.055,10.116,22.652,24.273,22.536,0.71,1.00,2,5023,24.27|23.49|20.35|22.03
27.071,10.146,22.638,24.220,22.527,0.71,1.00,2,5024,24.22|23.49|20.39|22.00
27.088,10.198,22.625,24.215,22.515,0.71,1.00,2,5024,24.22|23.50|20.38|21.97
27.105,10.251,22.612,24.289,22.503,0.71,1.00,2,5024,24.29|23.49|20.33|21.90
27.122,10.287,22.597,24.276,22.481,0.71,1.00,2,5024,24.28|23.49|20.33|21.82
27.138,10.336,22.584,24.244,22.480,0.71,1.00,2,5024,24.24|23.50|20.40|21.78
27.154,10.375,22.575,24.233,22.479,0.71,1.00,2,5024,24.23|23.55|20.40|21.73
27.171,10.424,22.566,24.267,22.473,0.71,1.00,2,5024,24.27|23.55|20.30|21.78
27.188,10.460,22.558,24.288,22.470,0.70,1.00,2,5024,24.29|23.55|20.30|21.74
27.205,10.487,22.549,24.195,22.459,0.70,1.00,2,5023,24.19|23.58|20.33|21.73
27.222,10.546,22.544,24.182,22.466,0.70,1.00,2,5023,24.18|23.58|20.35|21.75
27.238,10.592,22.540,24.215,22.465,0.70,1.00,2,5023,24.21|23.59|20.32|21.74
27.255,10.631,22.536,24.283,22.462,0.70,1.00,2,5023,24.28|23.57|20.22|21.78
27.271,10.667,22.533,24.242,22.463,0.70,1.00,2,5023,24.24|23.56|20.29|21.75
27.288,10.705,22.532,24.206,22.471,0.70,1.00,2,5023,24.21|23.58|20.31|21.79
27.305,10.759,22.536,24.263,22.493,0.70,1.00,2,5023,24.26|23.56|20.34|21.82
27.322,10.801,22.537,24.274,22.481,0.70,1.00,2,5023,24.27|23.56|20.29|21.80
27.339,10.844,22.536,24.241,22.476,0.69,1.00,2,5023,24.24|23.56|20.24|21.86
27.355,10.881,22.537,24.166,22.486,0.66,1.00,2,5023,24.17|23.56|20.36|21.86
27.372,10.922,22.541,24.175,22.498,0.53,1.00,2,5022,24.17|23.55|20.40|21.86
27.388,10.974,22.546,24.186,22.509,0.50,1.00,2,5021,24.19|23.52|20.39|21.94
27.405,11.014,22.545,24.175,22.487,0.45,1.00,2,5019,24.18|23.52|20.34|21.91
27.422,11.046,22.549,24.145,22.508,0.41,1.00,2,5017,24.14|23.52|20.38|21.98
27.439,11.094,22.552,24.100,22.505,0.38,1.00,2,5015,24.10|23.49|20.44|21.99
27.455,11.143,22.556,24.143,22.518,0.36,1.00,2,5012,24.14|23.51|20.42|22.00
27.472,11.187,22.558,24.153,22.505,0.36,1.00,2,5009,24.15|23.50|20.35|22.02
27.489,11.230,22.556,24.116,22.494,0.34,1.00,2,5006,24.12|23.47|20.40|22.00
27.505,11.259,22.549,24.020,22.462,0.33,1.00,2,5002,24.02|23.45|20.43|21.94
27.522,11.307,22.537,23.966,22.432,0.33,1.00,2,4997,23.97|23.41|20.37|21.99
27.539,11.356,22.518,23.947,22.386,0.33,1.00,2,4991,23.95|23.36|20.28|21.96
27.555,11.375,22.499,23.974,22.365,0.33,1.00,2,4986,23.97|23.33|20.28|21.88
27.572,11.441,22.477,23.959,22.331,0.33,1.00,2,4980,23.96|23.28|20.24|21.85
27.589,11.480,22.448,23.920,22.274,0.33,1.00,2,4974,23.92|23.23|20.20|21.75
27.605,11.523,22.415,23.886,22.228,0.33,1.00,2,4968,23.89|23.19|20.10|21.73
27.622,11.567,22.373,23.824,22.146,0.33,1.00,2,4962,23.82|23.18|19.93|21.65
27.640,11.599,22.328,23.823,22.092,0.33,1.00,2,4956,23.82|23.15|19.85|21.55
27.656,11.653,22.282,23.805,22.045,0.33,1.00,2,4951,23.81|23.09|19.78|21.50
27.672,11.675,22.239,23.831,22.009,0.33,1.00,2,4945,23.83|23.07|19.75|21.38
27.689,11.731,22.195,23.803,21.962,0.32,1.00,2,4940,23.80|23.03|19.67|21.35
27.706,11.760,22.149,23.773,21.913,0.32,1.00,2,4934,23.77|22.99|19.62|21.27
27.723,11.823,22.102,23.699,21.858,0.31,1.00,2,4928,23.70|22.94|19.54|21.25
27.739,11.857,22.052,23.641,21.802,0.31,1.00,2,4921,23.64|22.94|19.49|21.14
27.756,11.893,22.000,23.583,21.736,0.31,1.00,2,4914,23.58|22.90|19.39|21.08
27.772,11.940,21.949,23.536,21.692,0.29,1.00,2,4906,23.54|22.85|19.32|21.06
27.789,11.982,21.893,23.450,21.613,0.28,1.00,2,4897,23.45|22.79|19.29|20.92
27.806,12.023,21.834,23.375,21.546,0.28,1.00,2,4887,23.37|22.66|19.20|20.95
27.823,12.063,21.772,23.318,21.470,0.25,1.00,2,4876,23.32|22.58|19.15|20.83
27.839,12.099,21.705,23.228,21.385,0.20,1.00,2,4863,23.23|22.51|19.06|20.74
27.856,12.152,21.639,23.109,21.325,0.13,1.00,2,4845,23.11|22.42|19.03|20.74
27.873,12.188,21.552,22.835,21.154,0.10,1.00,2,4820,22.83|22.15|19.03|20.60
27.890,12.242,21.441,22.579,20.947,0.09,1.00,2,4788,22.58|21.77|19.01|20.43
27.906,12.274,21.317,22.305,20.769,0.07,1.00,2,4749,22.30|21.47|18.96|20.35
27.923,12.329,21.170,21.923,20.532,0.07,1.00,2,4704,21.92|21.14|18.87|20.19
27.940,12.367,20.999,21.600,20.265,0.07,1.00,2,4653,21.60|20.87|18.64|19.95
27.956,12.400,20.791,21.299,19.913,0.07,1.00,2,4600,21.30|20.43|18.31|19.62
27.973,12.453,20.563,21.057,19.604,0.07,1.00,2,4544,21.06|20.06|18.02|19.28
27.990,12.486,20.319,20.727,19.296,0.06,1.00,2,4486,20.73|19.82|17.69|18.95
28.006,12.538,20.042,20.440,18.886,0.06,1.00,2,4427,20.44|19.44|17.22|18.44
28.023,12.564,19.751,20.212,18.543,0.04,1.00,2,4368,20.21|19.19|16.78|17.98
28.040,12.610,19.429,19.858,18.098,0.03,1.00,2,4307,19.86|18.84|16.31|17.38
28.057,12.661,19.086,19.527,17.670,0.01,1.00,2,4245,19.53|18.51|15.78|16.86
28.073,12.701,18.718,19.186,17.201,0.00,1.00,2,4179,19.19|18.15|15.12|16.35
28.090,12.742,18.318,18.820,16.678,0.00,1.00,2,4110,18.82|17.68|14.43|15.78
28.106,12.799,17.859,18.491,15.981,0.00,1.00,2,4039,18.49|17.36|13.02|15.05
28.123,12.823,17.395,18.195,15.500,0.00,1.00,2,3968,18.20|16.96|12.68|14.17
28.140,12.871,16.930,17.860,15.035,0.00,1.00,2,3897,17.86|16.51|13.00|12.77
28.157,12.884,16.528,17.585,14.883,0.00,1.00,2,3826,17.58|16.26|12.88|12.80
28.173,12.906,16.184,17.317,14.772,0.00,1.00,2,3757,17.32|15.94|12.85|12.97
28.190,12.928,15.882,17.017,14.638,0.00,1.00,2,3689,17.02|15.57|13.01|12.96
28.206,12.947,15.611,16.838,14.495,0.00,1.00,2,3622,16.84|15.29|12.94|12.92
28.223,12.971,15.362,16.504,14.329,0.00,1.00,2,3555,16.50|14.87|13.00|12.95
28.240,12.992,15.126,16.304,14.148,0.00,1.00,2,3489,16.30|14.14|13.08|13.07
28.257,13.021,14.910,16.403,14.016,0.00,1.00,2,3420,16.40|13.65|13.01|13.01
28.274,13.046,14.717,16.407,13.911,0.00,1.00,2,3352,16.41|13.11|13.09|13.04
28.290,13.068,14.549,15.922,13.845,0.00,1.00,2,3286,15.92|13.12|13.16|13.17
28.307,13.078,14.369,15.142,13.619,0.00,1.00,2,3224,15.14|13.21|13.09|13.04
28.324,13.089,14.183,14.299,13.407,0.00,1.00,2,3166,14.30|13.19|13.09|13.05
28.340,13.119,14.027,13.650,13.370,0.00,1.00,2,3105,13.65|13.42|13.21|13.20
28.357,13.148,13.881,13.474,13.266,0.00,1.00,2,3041,13.47|13.32|13.16|13.11
28.374,13.155,13.745,13.204,13.168,0.00,1.00,2,2977,13.20|13.20|13.15|13.12
28.391,13.156,13.641,13.288,13.194,0.00,1.00,2,2920,13.11|13.14|13.29|13.24
28.407,13.148,13.551,13.190,13.158,0.00,1.00,2,2870,13.19|13.10|13.17|13.17
28.424,13.129,13.472,13.179,13.129,0.00,1.00,2,2827,13.12|13.18|13.10|13.11
28.441,13.113,13.398,13.258,13.069,0.00,1.00,2,2791,12.94|12.95|13.26|13.13
28.457,13.084,13.319,13.197,12.973,0.00,1.00,2,2769,12.80|12.79|13.10|13.20
28.474,13.038,13.250,13.046,12.944,0.00,1.00,2,2758,12.78|12.91|13.04|13.05
28.491,13.005,13.210,13.147,13.019,0.00,1.00,2,2756,12.89|13.01|13.15|13.03
28.507,12.979,13.176,13.087,13.009,0.00,1.00,2,2756,13.00|12.96|13.00|13.09
28.524,12.975,13.148,13.032,13.001,0.00,1.00,2,2755,12.98|13.03|13.01|12.99
28.541,12.958,13.132,13.160,13.040,0.00,1.00,2,2752,12.95|13.03|13.16|13.03
28.557,12.951,13.113,13.084,13.005,0.00,1.00,2,2746,12.99|12.92|13.03|13.08
28.574,12.953,13.090,12.983,12.968,0.00,1.00,2,2738,12.94|12.98|12.98|12.97
28.591,12.931,13.070,13.070,12.959,0.00,1.00,2,2730,12.89|12.94|13.07|12.94
28.607,12.906,13.054,13.045,12.958,0.00,1.00,2,2724,12.90|12.89|13.00|13.05
28.624,12.899,13.033,12.993,12.917,0.00,1.00,2,2719,12.85|12.89|12.99|12.94
28.641,12.866,13.012,12.972,12.898,0.00,1.00,2,2716,12.85|12.88|12.97|12.89
28.658,12.834,12.996,12.972,12.900,0.00,1.00,2,2715,12.87|12.87|12.90|12.97
28.674,12.822,12.975,12.903,12.863,0.00,1.00,2,2713,12.86|12.84|12.90|12.84
28.691,12.787,12.961,12.970,12.876,0.00,1.00,2,2711,12.80|12.88|12.97|12.85
28.707,12.768,12.948,12.923,12.865,0.00,1.00,2,2708,12.77|12.87|12.89|12.92
28.724,12.762,12.926,12.838,12.809,0.00,1.00,2,2704,12.82|12.78|12.84|12.80
28.741,12.727,12.911,12.923,12.820,0.00,1.00,2,2699,12.75|12.76|12.92|12.85
28.758,12.699,12.893,12.845,12.790,0.00,1.00,2,2694,12.69|12.79|12.84|12.84
28.774,12.688,12.867,12.800,12.737,0.00,1.00,2,2690,12.69|12.73|12.80|12.73
28.791,12.654,12.857,12.915,12.784,0.00,1.00,2,2685,12.67|12.66|12.91|12.88
28.808,12.621,12.832,12.738,12.707,0.00,1.00,2,2680,12.68|12.69|12.74|12.72
28.825,12.582,12.792,12.668,12.603,0.00,1.00,2,2675,12.60|12.67|12.63|12.51
28.841,12.506,12.756,12.695,12.581,0.00,1.00,2,2669,12.51|12.60|12.69|12.52
28.858,12.441,12.703,12.504,12.466,0.00,1.00,2,2661,12.47|12.50|12.50|12.39
28.875,12.354,12.637,12.409,12.345,0.00,1.00,2,2651,12.34|12.41|12.35|12.28
28.891,12.272,12.557,12.318,12.212,0.00,1.00,2,2638,12.30|12.29|12.32|11.94
28.908,12.180,12.428,12.183,11.885,0.00,1.00,2,2622,12.06|12.18|12.18|11.12
28.925,12.061,12.284,12.162,11.686,0.00,1.00,2,2605,11.82|12.06|12.16|10.70
28.941,11.962,12.140,12.042,11.541,0.00,1.00,2,2586,11.46|12.02|12.04|10.64
28.958,11.868,11.954,11.918,11.187,0.00,1.00,2,2566,11.20|11.92|11.62|10.00
28.975,11.753,11.768,11.828,11.004,0.00,1.00,2,2544,11.21|11.83|10.98|10.00
28.991,11.651,11.506,11.803,10.438,0.00,1.00,2,2520,10.83|11.80|10.21|8.90
29.008,11.539,11.271,11.801,10.311,0.00,1.00,2,2492,10.53|11.80|10.06|8.85
29.025,11.465,11.098,11.584,10.388,0.00,1.00,2,2460,10.74|11.58|10.00|9.22
29.041,11.358,10.872,11.354,9.950,0.00,1.00,2,2426,10.87|11.35|8.91|8.67
29.058,11.254,10.696,11.337,9.972,0.00,1.00,2,2394,10.70|11.34|9.28|8.57
29.075,11.141,10.510,11.243,9.744,0.00,1.00,2,2364,10.23|11.24|9.10|8.41
29.092,11.024,10.340,11.197,9.646,0.00,1.00,2,2336,10.33|11.20|8.63|8.42
29.108,10.924,10.162,11.090,9.429,0.00,1.00,2,2309,9.91|11.09|8.47|8.24
29.125,10.835,10.038,11.067,9.524,0.00,1.00,2,2282,9.32|11.07|9.38|8.32
29.142,10.706,9.849,10.835,9.076,0.00,1.00,2,2256,9.23|10.83|8.19|8.04
29.159,10.593,9.688,10.843,9.027,0.00,1.00,2,2229,9.13|10.84|8.35|7.79
29.175,10.499,9.537,10.750,8.917,0.00,1.00,2,2202,8.97|10.75|8.39|7.56
29.192,10.373,9.396,10.729,8.816,0.00,1.00,2,2175,8.93|10.73|7.66|7.95
29.209,10.285,9.283,10.517,8.812,0.00,1.00,2,2146,8.72|10.52|8.37|7.65
29.225,10.180,9.175,10.354,8.727,0.00,1.00,2,2117,8.74|10.35|8.29|7.53
29.242,10.060,9.046,10.378,8.511,0.00,1.00,2,2087,8.84|10.38|7.26|7.56
29.259,9.932,8.917,10.251,8.388,0.00,1.00,2,2059,8.37|10.25|7.83|7.10
29.275,9.811,8.786,10.315,8.245,0.00,1.00,2,2032,8.12|10.31|7.28|7.27
29.292,9.702,8.673,10.183,8.203,0.00,1.00,2,2005,7.75|10.18|7.61|7.27
29.309,9.604,8.562,9.822,8.103,0.00,1.00,2,1979,7.56|9.82|8.09|6.94
29.326,9.491,8.444,9.853,7.958,0.00,1.00,2,1951,7.90|9.85|6.90|7.19
29.342,9.368,8.304,9.607,7.730,0.00,1.00,2,1923,8.06|9.61|6.78|6.47
29.359,9.237,8.175,9.545,7.644,0.00,1.00,2,1897,7.52|9.55|6.99|6.52
29.375,9.125,7.986,9.600,7.215,0.00,1.00,2,1871,6.96|9.60|6.30|6.00
29.392,9.002,7.936,9.575,7.721,0.00,1.00,2,1845,6.44|9.57|8.10|6.77
29.409,8.892,7.827,9.140,7.376,0.00,1.00,2,1815,6.72|9.14|7.01|6.64
29.426,8.802,7.545,9.219,6.407,0.00,1.00,2,1779,7.18|9.22|4.82|4.41
29.442,8.659,7.337,8.887,6.494,0.00,1.00,2,1745,7.00|8.89|5.35|4.74
29.459,8.523,7.233,9.062,6.804,0.00,1.00,2,1714,6.91|9.06|5.80|5.44
29.476,8.423,7.113,8.780,6.617,0.00,1.00,2,1686,6.44|8.78|5.89|5.36
29.493,8.294,6.976,8.801,6.419,0.00,1.00,2,1658,5.81|8.80|5.62|5.44
29.509,8.191,6.920,8.833,6.684,0.00,1.00,2,1631,5.47|8.83|6.61|5.83
29.526,8.091,6.791,8.209,6.261,0.00,1.00,2,1605,5.34|8.21|5.74|5.76
29.542,7.973,6.609,7.929,5.871,0.00,1.00,2,1578,5.39|7.93|5.10|5.06
29.559,7.861,6.574,8.534,6.421,0.00,1.00,2,1550,6.03|8.53|5.39|5.73
29.576,7.736,6.473,7.940,6.058,0.00,1.00,2,1525,5.93|7.94|5.26|5.11
29.592,7.602,6.365,7.834,5.923,0.00,1.00,2,1501,5.88|7.83|4.66|5.32
29.609,7.492,6.322,8.244,6.140,0.00,1.00,2,1477,5.67|8.24|5.81|4.84
29.626,7.384,6.163,7.554,5.517,0.00,1.00,2,1455,5.28|7.55|4.65|4.58
29.643,7.274,6.023,7.686,5.455,0.00,1.00,2,1434,5.26|7.69|3.96|4.91
29.659,7.151,5.843,7.563,5.116,0.00,1.00,2,1412,3.74|7.56|4.43|4.73
29.676,7.035,5.460,6.739,3.925,0.00,1.00,2,1387,3.66|6.74|2.83|2.46
29.693,6.914,5.295,7.524,4.630,0.00,1.00,2,1354,4.53|7.52|3.83|2.63
29.710,6.826,5.090,6.875,4.260,0.00,1.00,2,1318,4.84|6.87|2.04|3.28
29.726,6.699,4.829,6.991,3.781,0.00,1.00,2,1284,3.66|6.99|1.60|2.88
29.743,6.578,4.742,7.398,4.389,0.00,1.00,2,1251,4.01|7.40|2.80|3.35
29.760,6.520,4.555,6.694,3.803,0.00,1.00,2,1220,3.78|6.69|2.09|2.64
29.776,6.417,4.422,6.361,3.887,0.00,0.87,2,1191,3.79|6.36|2.73|2.66
29.793,6.281,4.329,6.764,3.949,0.00,0.70,2,1164,3.34|6.76|2.76|2.94
29.810,6.206,4.154,6.389,3.452,0.00,0.53,2,1137,3.13|6.39|1.47|2.81
29.826,6.091,4.064,5.915,3.697,0.00,0.37,2,1109,2.88|5.91|3.04|2.95
29.844,5.944,3.974,5.964,3.614,0.00,0.20,2,1077,3.48|5.96|2.77|2.24
29.860,5.868,3.733,4.905,2.767,0.00,0.04,2,1045,3.70|4.91|1.48|0.98
29.876,5.739,3.514,3.775,2.638,0.00,0.00,2,1014,2.61|3.77|2.57|1.60
29.893,5.633,3.286,3.069,2.371,0.00,0.00,2,984,2.13|3.07|2.52|1.76
29.910,5.515,2.882,2.566,1.498,0.00,0.00,2,957,2.10|0.87|2.57|0.46
29.927,5.447,2.366,0.640,0.368,0.00,0.00,2,930,0.13|0.64|0.57|0.13
29.944,5.359,1.897,0.453,0.213,0.00,0.00,2,904,0.45|0.02|0.17|0.22
29.960,5.298,1.547,0.249,0.147,0.00,0.00,2,879,0.18|0.16|0.25|0.00
29.977,5.220,1.244,0.145,0.082,0.00,0.00,2,855,0.03|0.15|0.07|0.08
29.993,5.115,1.007,0.082,0.060,0.00,0.00,2,831,0.06|0.08|0.08|0.01
30.010,5.006,0.808,0.123,0.097,0.00,0.00,2,811,0.11|0.12|0.10|0.05
30.027,4.897,0.744,1.140,0.487,0.00,0.00,2,796,0.23|1.14|0.47|0.11
30.044,4.786,0.889,2.253,1.469,0.00,0.00,2,783,0.65|2.25|2.01|0.96
30.060,4.683,1.240,4.751,2.644,0.00,0.00,2,773,1.05|4.75|3.07|1.71
30.077,4.562,1.293,4.475,1.639,0.00,0.00,2,766,0.13|4.47|1.69|0.27
30.094,4.525,1.203,3.630,1.121,0.00,0.00,2,759,0.34|3.63|0.22|0.29
30.110,4.382,1.012,1.176,0.423,0.00,0.00,2,754,0.02|1.18|0.35|0.16
30.127,4.342,0.842,0.699,0.218,0.00,0.00,2,750,0.11|0.70|0.06|0.01
30.143,4.299,0.680,0.171,0.112,0.00,0.00,2,746,0.10|0.01|0.17|0.17
30.161,4.264,0.552,0.177,0.120,0.00,0.00,2,743,0.07|0.15|0.18|0.08
30.177,4.199,0.451,0.187,0.062,0.00,0.00,2,741,0.02|0.19|0.01|0.03
30.194,4.120,0.369,0.130,0.088,0.00,0.00,2,739,0.03|0.10|0.13|0.09
30.210,4.055,0.296,0.065,0.044,0.00,0.00,2,737,0.03|0.07|0.04|0.03
30.227,3.965,0.239,0.039,0.024,0.00,0.00,2,736,0.02|0.00|0.03|0.04
30.244,3.881,0.191,0.058,0.047,0.00,0.00,2,734,0.04|0.04|0.05|0.06
30.260,3.782,0.154,0.034,0.012,0.00,0.00,2,733,0.01|0.03|0.00|0.00
30.277,3.685,0.123,0.061,0.040,0.00,0.00,2,733,0.04|0.02|0.04|0.06
30.294,3.598,0.100,0.045,0.028,0.00,0.00,2,733,0.05|0.01|0.04|0.02
30.310,3.531,0.081,0.015,0.011,0.00,0.00,2,733,0.01|0.01|0.01|0.01
30.327,3.474,0.066,0.021,0.014,0.00,0.00,2,734,0.01|0.01|0.01|0.02
30.344,3.415,0.057,0.080,0.021,0.00,0.00,2,734,0.00|0.08|0.00|0.00
30.361,3.365,0.048,0.031,0.021,0.00,0.00,2,733,0.03|0.03|0.01|0.01
30.377,3.324,0.039,0.030,0.019,0.00,0.00,2,733,0.03|0.03|0.01|0.01
30.394,3.271,0.033,0.039,0.013,0.00,0.00,2,734,0.01|0.04|0.00|0.00
30.411,3.227,0.028,0.029,0.012,0.00,0.00,2,734,0.03|0.01|0.01|0.01
30.428,3.182,0.024,0.022,0.010,0.00,0.00,2,734,0.01|0.02|0.00|0.00
30.444,3.134,0.021,0.021,0.009,0.00,0.00,2,733,0.01|0.02|0.00|0.00
30.461,3.082,0.018,0.017,0.010,0.00,0.00,2,733,0.01|0.02|0.01|0.00
30.478,3.035,0.016,0.020,0.008,0.00,0.00,2,733,0.01|0.02|0.00|0.00
30.494,2.989,0.015,0.019,0.013,0.00,0.00,2,732,0.02|0.01|0.02|0.00
30.511,2.949,0.015,0.024,0.012,0.00,0.00,2,732,0.02|0.02|0.01|0.00
30.528,2.913,0.014,0.023,0.012,0.00,0.00,2,731,0.02|0.02|0.00|0.00
30.544,2.880,0.013,0.018,0.010,0.00,0.00,2,731,0.02|0.02|0.00|0.00
30.561,2.845,0.012,0.023,0.011,0.00,0.00,2,731,0.02|0.02|0.00|0.00
30.578,2.814,0.011,0.016,0.008,0.00,0.00,2,731,0.02|0.01|0.00|0.00
30.594,2.784,0.010,0.016,0.007,0.00,0.00,2,731,0.01|0.02|0.00|0.00
30.612,2.751,0.009,0.004,0.003,0.00,0.00,2,730,0.00|0.00|0.00|0.00
30.628,2.722,0.008,0.011,0.005,0.00,0.00,2,729,0.01|0.00|0.00|0.00
30.644,2.696,0.006,0.012,0.006,0.00,0.00,2,729,0.00|0.01|0.01|0.00
30.662,2.669,0.007,0.021,0.009,0.00,0.00,2,728,0.00|0.01|0.02|0.00
30.678,2.646,0.007,0.017,0.009,0.00,0.00,2,727,0.02|0.01|0.01|0.00
30.695,2.624,0.007,0.020,0.008,0.00,0.00,2,727,0.02|0.01|0.00|0.00
30.711,2.605,0.006,0.006,0.004,0.00,0.00,2,726,0.00|0.01|0.00|0.01
30.728,2.589,0.006,0.016,0.006,0.00,0.00,2,727,0.02|0.00|0.00|0.00
30.745,2.577,0.005,0.011,0.006,0.00,0.00,2,727,0.01|0.01|0.00|0.00
30.761,2.566,0.005,0.006,0.005,0.00,0.00,2,728,0.00|0.01|0.00|0.00
30.778,2.558,0.005,0.014,0.007,0.00,0.00,2,729,0.01|0.01|0.00|0.00
30.795,2.552,0.005,0.013,0.005,0.00,0.00,2,729,0.00|0.01|0.00|0.00
30.812,2.550,0.005,0.011,0.004,0.00,0.00,2,729,0.00|0.01|0.00|0.00
30.828,2.550,0.005,0.015,0.006,0.00,0.00,2,729,0.01|0.01|0.00|0.00
30.845,2.553,0.005,0.014,0.007,0.00,0.00,2,730,0.01|0.01|0.00|0.00
30.861,2.558,0.005,0.013,0.006,0.00,0.00,2,730,0.01|0.01|0.00|0.00
30.878,2.565,0.005,0.015,0.006,0.00,0.00,2,730,0.01|0.02|0.00|0.00
30.895,2.574,0.005,0.013,0.006,0.00,0.00,2,729,0.01|0.01|0.00|0.00
30.912,2.585,0.005,0.012,0.004,0.00,0.00,2,729,0.00|0.01|0.00|0.00
30.928,2.597,0.005,0.014,0.004,0.00,0.00,2,728,0.00|0.01|0.00|0.00
30.945,2.611,0.005,0.013,0.004,0.00,0.00,2,728,0.00|0.01|0.00|0.00
30.962,2.625,0.004,0.012,0.003,0.00,0.00,2,727,0.00|0.01|0.00|0.00
30.979,2.643,0.004,0.011,0.004,0.00,0.00,2,726,0.00|0.01|0.00|0.00
30.995,2.662,0.005,0.024,0.007,0.00,0.00,2,726,0.00|0.02|0.00|0.00
31.012,2.681,0.005,0.027,0.008,0.00,0.00,2,726,0.00|0.03|0.00|0.00
31.029,2.701,0.005,0.022,0.007,0.00,0.00,2,726,0.00|0.02|0.00|0.00
31.046,2.724,0.005,0.019,0.005,0.00,0.00,2,726,0.00|0.02|0.00|0.00
31.063,2.747,0.005,0.016,0.004,0.00,0.00,2,726,0.00|0.02|0.00|0.00
31.079,2.771,0.006,0.019,0.009,0.00,0.00,2,726,0.01|0.01|0.02|0.00
31.096,2.796,0.006,0.019,0.009,0.00,0.00,2,725,0.02|0.01|0.00|0.00
31.112,2.822,0.005,0.007,0.003,0.00,0.00,2,725,0.00|0.00|0.01|0.00
31.129,2.848,0.005,0.014,0.006,0.00,0.00,2,726,0.01|0.00|0.01|0.00
31.146,2.875,0.004,0.015,0.005,0.00,0.00,2,726,0.02|0.00|0.00|0.00
31.163,2.902,0.003,0.003,0.002,0.00,0.00,2,726,0.00|0.00|0.00|0.00
31.180,2.931,0.003,0.005,0.003,0.00,0.00,2,726,0.00|0.00|0.00|0.00
31.196,2.960,0.002,0.003,0.002,0.00,0.00,2,727,0.00|0.00|0.00|0.00
31.212,2.989,0.003,0.008,0.003,0.00,0.00,2,728,0.01|0.00|0.00|0.00
31.229,3.019,0.002,0.006,0.002,0.00,0.00,2,729,0.01|0.00|0.00|0.00
31.246,3.053,0.003,0.014,0.005,0.00,0.00,2,730,0.00|0.00|0.00|0.01
31.262,3.085,0.003,0.025,0.008,0.00,0.00,2,731,0.00|0.02|0.00|0.00
31.280,3.121,0.003,0.014,0.008,0.00,0.00,2,731,0.01|0.01|0.00|0.01
31.296,3.158,0.002,0.010,0.005,0.00,0.00,2,731,0.00|0.01|0.00|0.01
31.312,3.199,0.005,0.046,0.014,0.00,0.00,2,731,0.01|0.05|0.01|0.00
31.329,3.239,0.004,0.009,0.007,0.00,0.00,2,732,0.01|0.01|0.00|0.01
31.346,3.277,0.004,0.014,0.006,0.00,0.00,2,732,0.01|0.00|0.00|0.00
31.362,3.316,0.003,0.006,0.004,0.00,0.00,2,731,0.00|0.01|0.00|0.00
31.380,3.354,0.006,0.036,0.015,0.00,0.00,2,732,0.04|0.02|0.00|0.00
31.396,3.390,0.007,0.037,0.012,0.00,0.00,2,731,0.04|0.01|0.00|0.00
31.413,3.424,0.007,0.022,0.007,0.00,0.00,2,731,0.02|0.00|0.00|0.00
31.429,3.458,0.006,0.025,0.007,0.00,0.00,2,731,0.03|0.00|0.00|0.00
31.446,3.492,0.006,0.017,0.006,0.00,0.00,2,731,0.02|0.01|0.00|0.00
31.463,3.526,0.005,0.013,0.005,0.00,0.00,2,731,0.01|0.00|0.00|0.00
31.480,3.558,0.004,0.019,0.009,0.00,0.00,2,731,0.01|0.02|0.00|0.00
31.496,3.593,0.004,0.013,0.005,0.00,0.00,2,731,0.01|0.01|0.00|0.00
31.513,3.627,0.004,0.014,0.004,0.00,0.00,2,731,0.01|0.00|0.00|0.00
31.530,3.661,0.004,0.017,0.006,0.00,0.00,2,731,0.02|0.01|0.00|0.00
31.546,3.696,0.003,0.006,0.002,0.00,0.00,2,731,0.01|0.00|0.00|0.00
31.563,3.729,0.003,0.010,0.003,0.00,0.00,2,730,0.01|0.00|0.00|0.00
31.581,3.762,0.003,0.023,0.009,0.00,0.00,2,730,0.02|0.00|0.01|0.00
31.597,3.798,0.004,0.015,0.006,0.00,0.00,2,729,0.01|0.00|0.01|0.00
31.613,3.832,0.003,0.017,0.011,0.00,0.00,2,728,0.02|0.00|0.01|0.01
31.630,3.865,0.003,0.006,0.004,0.00,0.00,2,728,0.01|0.00|0.00|0.00
31.647,3.907,0.003,0.013,0.010,0.00,0.00,2,728,0.01|0.01|0.01|0.01
31.663,3.944,0.004,0.015,0.010,0.00,0.00,2,728,0.01|0.02|0.00|0.01
31.680,3.983,0.004,0.008,0.004,0.00,0.00,2,728,0.01|0.00|0.00|0.00
31.697,4.022,0.004,0.023,0.007,0.00,0.00,2,728,0.00|0.02|0.00|0.00
31.713,4.058,0.006,0.057,0.019,0.00,0.00,2,729,0.01|0.06|0.00|0.00
31.730,4.093,0.006,0.036,0.015,0.00,0.00,2,730,0.04|0.02|0.00|0.00
31.747,4.124,0.005,0.011,0.007,0.00,0.00,2,730,0.01|0.01|0.00|0.00
31.763,4.156,0.006,0.038,0.011,0.00,0.00,2,731,0.04|0.00|0.00|0.00
31.781,4.186,0.008,0.049,0.019,0.00,0.00,2,731,0.02|0.05|0.00|0.00
31.797,4.212,0.010,0.041,0.018,0.00,0.00,2,732,0.03|0.04|0.00|0.00
31.813,4.240,0.013,0.066,0.024,0.00,0.00,2,732,0.07|0.03|0.00|0.00
31.830,4.266,0.014,0.048,0.019,0.00,0.00,2,733,0.05|0.03|0.00|0.00
31.847,4.291,0.013,0.015,0.008,0.00,0.00,2,734,0.01|0.01|0.00|0.00
31.863,4.317,0.011,0.017,0.006,0.00,0.00,2,735,0.02|0.00|0.00|0.00
31.880,4.344,0.009,0.012,0.007,0.00,0.00,2,735,0.01|0.00|0.00|0.01
31.897,4.368,0.008,0.025,0.009,0.00,0.00,2,736,0.00|0.00|0.00|0.03
31.914,4.401,0.007,0.019,0.012,0.00,0.00,2,735,0.01|0.01|0.01|0.02
31.930,4.428,0.006,0.009,0.004,0.00,0.00,2,735,0.00|0.00|0.01|0.01
31.947,4.454,0.006,0.019,0.008,0.00,0.00,2,734,0.02|0.01|0.00|0.00
31.964,4.481,0.006,0.028,0.017,0.00,0.00,2,734,0.02|0.03|0.01|0.01
31.980,4.506,0.005,0.024,0.013,0.00,0.00,2,734,0.02|0.01|0.01|0.01
31.997,4.532,0.005,0.026,0.010,0.00,0.00,2,734,0.03|0.01|0.01|0.00
32.014,4.556,0.005,0.040,0.015,0.00,0.00,2,735,0.02|0.04|0.00|0.00
32.030,4.584,0.004,0.028,0.014,0.00,0.00,2,735,0.03|0.02|0.00|0.00
32.047,4.610,0.007,0.036,0.017,0.00,0.00,2,736,0.03|0.04|0.00|0.00
32.064,4.630,0.006,0.029,0.014,0.00,0.00,2,736,0.03|0.02|0.00|0.00
32.081,4.651,0.006,0.025,0.008,0.00,0.00,2,735,0.00|0.03|0.00|0.00
32.098,4.666,0.009,0.048,0.021,0.00,0.00,2,735,0.03|0.05|0.00|0.00
32.114,4.681,0.009,0.025,0.012,0.00,0.00,2,735,0.02|0.03|0.00|0.01
32.131,4.695,0.010,0.028,0.018,0.00,0.00,2,734,0.02|0.03|0.00|0.02
32.147,4.714,0.012,0.043,0.019,0.00,0.00,2,734,0.04|0.02|0.00|0.02
32.164,4.726,0.011,0.023,0.011,0.00,0.00,2,734,0.01|0.02|0.01|0.00
32.181,4.742,0.011,0.050,0.018,0.00,0.00,2,734,0.05|0.00|0.01|0.01
32.197,4.754,0.009,0.043,0.020,0.00,0.00,2,734,0.04|0.02|0.01|0.01
32.214,4.760,0.008,0.036,0.018,0.00,0.00,2,734,0.04|0.03|0.01|0.01
32.231,4.772,0.008,0.022,0.012,0.00,0.00,2,734,0.02|0.01|0.01|0.00
32.248,4.782,0.007,0.013,0.008,0.00,0.00,2,734,0.01|0.01|0.00|0.01
32.264,4.797,0.005,0.019,0.009,0.00,0.00,2,733,0.01|0.02|0.00|0.00
32.281,4.807,0.005,0.009,0.004,0.00,0.00,2,733,0.00|0.01|0.00|0.00
32.298,4.818,0.005,0.014,0.007,0.00,0.00,2,733,0.00|0.01|0.00|0.01
32.315,4.828,0.004,0.040,0.022,0.00,0.00,2,733,0.04|0.04|0.00|0.01
32.331,4.840,0.028,0.406,0.151,0.00,0.00,2,733,0.41|0.05|0.03|0.11
32.348,4.845,0.070,0.568,0.299,0.00,0.00,2,733,0.57|0.12|0.06|0.45
32.364,4.855,0.107,0.549,0.327,0.00,0.00,2,734,0.50|0.15|0.11|0.55
32.381,4.871,0.133,0.481,0.273,0.00,0.00,2,735,0.42|0.06|0.13|0.48
32.398,4.879,0.146,0.399,0.197,0.00,0.00,2,736,0.40|0.01|0.19|0.19
32.415,4.882,0.159,0.518,0.225,0.00,0.00,2,737,0.52|0.07|0.29|0.02
32.431,4.882,0.193,0.762,0.337,0.00,0.00,2,738,0.76|0.13|0.45|0.01
32.448,4.875,0.252,1.066,0.492,0.00,0.00,2,739,1.07|0.20|0.64|0.06
32.465,4.868,0.321,1.079,0.603,0.00,0.00,2,739,1.08|0.32|0.90|0.12
32.481,4.860,0.381,0.958,0.625,0.00,0.00,2,739,0.95|0.44|0.96|0.15
32.498,4.858,0.429,1.046,0.628,0.00,0.00,2,739,1.05|0.44|0.86|0.16
32.515,4.856,0.477,1.256,0.674,0.00,0.00,2,738,1.26|0.33|0.94|0.17
32.531,4.858,0.512,1.233,0.655,0.00,0.00,2,738,1.23|0.16|1.11|0.12
32.548,4.865,0.528,1.267,0.597,0.00,0.00,2,737,1.27|0.00|1.11|0.01
32.565,4.863,0.540,1.372,0.613,0.00,0.00,2,736,1.37|0.02|1.03|0.03
32.582,4.874,0.540,1.315,0.590,0.00,0.00,2,736,1.32|0.02|0.95|0.07
32.598,4.873,0.542,1.345,0.578,0.00,0.00,2,735,1.35|0.02|0.92|0.03
32.615,4.867,0.563,1.552,0.662,0.00,0.00,2,735,1.55|0.03|1.00|0.07
32.632,4.851,0.582,1.475,0.678,0.00,0.00,0,734,1.47|0.04|1.06|0.14
32.648,4.839,0.612,1.535,0.743,0.00,0.00,0,735,1.53|0.01|1.25|0.18
32.665,4.838,0.651,1.539,0.813,0.00,0.00,0,734,1.54|0.02|1.44|0.26
32.682,4.824,0.690,1.586,0.852,0.00,0.00,0,734,1.59|0.04|1.43|0.35
32.699,4.804,0.745,1.712,0.973,0.00,0.00,0,734,1.71|0.06|1.61|0.52
32.715,4.791,0.797,1.689,1.010,0.00,0.00,1,734,1.60|0.05|1.69|0.70
32.732,4.781,0.849,1.707,1.064,0.00,0.00,1,734,1.71|0.04|1.70|0.81
32.749,4.776,0.899,1.786,1.106,0.00,0.00,1,735,1.71|0.01|1.79|0.93
32.765,4.764,0.937,1.750,1.102,0.00,0.00,1,735,1.73|0.01|1.75|0.92
32.782,4.752,0.974,1.809,1.150,0.00,0.00,0,736,1.81|0.04|1.75|1.01
32.799,4.741,1.020,1.838,1.215,0.00,0.00,0,737,1.84|0.01|1.79|1.22
32.815,4.721,1.064,1.995,1.252,0.00,0.00,0,737,1.99|0.01|1.99|1.01
32.833,4.720,1.079,1.924,1.148,0.00,0.00,0,737,1.92|0.02|1.91|0.74
32.849,4.714,1.102,2.065,1.199,0.00,0.00,0,737,2.07|0.08|1.94|0.71
32.866,4.712,1.129,2.070,1.246,0.00,0.00,0,737,2.07|0.10|1.90|0.92
32.882,4.688,1.170,2.153,1.345,0.00,0.00,0,737,2.15|0.10|1.99|1.13
32.899,4.676,1.203,2.141,1.344,0.00,0.00,0,737,2.14|0.10|1.98|1.15
32.916,4.635,1.255,2.244,1.474,0.00,0.00,0,737,2.20|0.13|2.24|1.32
32.933,4.623,1.301,2.260,1.496,0.00,0.00,0,737,2.26|0.16|2.12|1.44
32.949,4.609,1.340,2.222,1.503,0.00,0.00,0,737,2.22|0.21|2.19|1.39
32.966,4.607,1.385,2.372,1.577,0.00,0.00,0,737,2.37|0.31|2.24|1.39
32.982,4.597,1.438,2.302,1.660,0.00,0.00,0,738,2.30|0.46|2.30|1.58
32.999,4.589,1.489,2.327,1.706,0.00,0.00,0,738,2.28|0.65|2.33|1.57
33.016,4.570,1.548,2.351,1.798,0.00,0.00,-1,738,2.35|0.89|2.30|1.65
33.033,4.538,1.606,2.423,1.850,0.00,0.00,-1,737,2.30|1.12|2.42|1.56
33.049,4.529,1.655,2.427,1.865,0.00,0.00,-1,737,2.43|1.09|2.43|1.52
33.066,4.523,1.708,2.492,1.931,0.00,0.00,-1,737,2.38|1.15|2.49|1.70
33.083,4.493,1.761,2.483,1.989,0.00,0.00,-1,736,2.43|1.29|2.48|1.75
33.099,4.469,1.815,2.541,2.044,0.00,0.00,-1,736,2.54|1.35|2.48|1.80
33.116,4.442,1.858,2.517,2.043,0.00,0.00,-1,735,2.47|1.41|2.52|1.77
33.133,4.436,1.924,2.727,2.203,0.00,0.00,-1,736,2.52|1.68|2.73|1.88
33.150,4.421,1.980,2.633,2.222,0.00,0.00,-1,736,2.63|1.70|2.61|1.94
33.166,4.390,2.026,2.615,2.227,0.00,0.00,-1,736,2.55|1.68|2.61|2.07
33.183,4.373,2.079,2.826,2.305,0.00,0.00,-1,736,2.62|1.74|2.83|2.03
33.199,4.362,2.127,2.731,2.338,0.00,0.00,-1,736,2.73|1.80|2.70|2.13
33.216,4.351,2.173,2.721,2.369,0.00,0.00,-1,737,2.65|1.95|2.72|2.15
33.233,4.327,2.220,2.858,2.426,0.00,0.00,-1,737,2.72|1.94|2.86|2.18
33.250,4.315,2.258,2.828,2.425,0.00,0.00,-1,737,2.83|2.03|2.79|2.05
33.266,4.307,2.292,2.825,2.448,0.00,0.00,-1,737,2.78|2.00|2.82|2.19
33.283,4.284,2.334,2.914,2.516,0.00,0.00,-1,737,2.80|2.09|2.91|2.26
33.300,4.263,2.366,2.902,2.512,0.00,0.00,-1,738,2.90|2.08|2.87|2.19
33.316,4.254,2.400,2.959,2.555,0.00,0.00,-1,738,2.92|2.11|2.96|2.23
33.333,4.234,2.432,2.968,2.577,0.00,0.00,-1,738,2.91|2.18|2.97|2.25
33.350,4.209,2.462,2.981,2.600,0.00,0.00,-1,737,2.92|2.17|2.98|2.32
33.366,4.190,2.500,3.130,2.671,0.00,0.00,-1,737,3.03|2.22|3.13|2.30
33.383,4.173,2.526,3.029,2.648,0.00,0.00,-1,737,3.03|2.20|3.01|2.35
33.400,4.158,2.563,3.113,2.731,0.00,0.00,-1,737,3.00|2.35|3.11|2.46
33.417,4.130,2.590,3.127,2.717,0.00,0.00,-1,737,3.05|2.26|3.13|2.43
33.434,4.118,2.616,3.093,2.735,0.00,0.00,-1,736,3.09|2.28|3.09|2.47
33.450,4.094,2.655,3.253,2.830,0.00,0.00,-1,735,3.14|2.38|3.25|2.55
33.467,4.076,2.678,3.204,2.789,0.00,0.00,-1,734,3.20|2.33|3.12|2.50
33.483,4.063,2.700,3.211,2.805,0.00,0.00,-1,734,3.10|2.36|3.21|2.56
33.500,4.044,2.726,3.228,2.851,0.00,0.00,-1,733,3.14|2.42|3.23|2.61
33.517,4.024,2.745,3.180,2.839,0.00,0.00,-1,732,3.18|2.45|3.17|2.56
33.534,4.014,2.769,3.317,2.883,0.00,0.00,-1,732,3.17|2.44|3.32|2.61
33.550,3.987,2.802,3.358,2.954,0.00,0.00,-1,732,3.36|2.52|3.25|2.68
33.567,3.972,2.827,3.345,2.950,0.00,0.00,-1,732,3.25|2.58|3.34|2.63
33.583,3.969,2.853,3.362,2.977,0.00,0.00,-1,732,3.36|2.55|3.32|2.67
33.600,3.942,2.876,3.330,2.985,0.00,0.00,-1,732,3.29|2.55|3.33|2.77
33.617,3.931,2.897,3.399,3.002,0.00,0.00,-1,732,3.29|2.65|3.40|2.67
33.634,3.915,2.924,3.432,3.050,0.00,0.00,-1,732,3.43|2.67|3.36|2.74
33.650,3.884,2.952,3.478,3.086,0.00,0.00,-1,733,3.39|2.67|3.48|2.80
33.667,3.870,2.981,3.575,3.115,0.00,0.00,-1,733,3.57|2.77|3.38|2.74
33.684,3.862,3.012,3.539,3.157,0.00,0.00,-1,734,3.50|2.80|3.54|2.79
33.701,3.838,3.037,3.622,3.160,0.00,0.00,-1,734,3.62|2.79|3.42|2.81
33.717,3.824,3.056,3.533,3.151,0.00,0.00,-1,734,3.48|2.76|3.53|2.84
33.734,3.817,3.076,3.545,3.175,0.00,0.00,-1,734,3.55|2.83|3.49|2.83
33.751,3.790,3.095,3.552,3.192,0.00,0.00,-1,734,3.55|2.85|3.50|2.86
33.767,3.776,3.109,3.588,3.189,0.00,0.00,-1,733,3.54|2.76|3.59|2.87
33.784,3.763,3.131,3.651,3.239,0.00,0.00,-1,733,3.65|2.88|3.51|2.91
33.801,3.750,3.154,3.641,3.268,0.00,0.00,-1,733,3.64|2.93|3.64|2.86
33.817,3.737,3.172,3.758,3.262,0.00,0.00,-1,733,3.76|2.87|3.57|2.86
33.834,3.724,3.195,3.708,3.307,0.00,0.00,-1,733,3.71|2.92|3.68|2.92
33.851,3.719,3.210,3.772,3.293,0.00,0.00,-1,733,3.77|2.91|3.62|2.87
33.868,3.702,3.235,3.756,3.356,0.00,0.00,-1,733,3.76|2.98|3.76|2.93
33.884,3.684,3.256,3.904,3.358,0.00,0.00,-1,733,3.90|2.99|3.65|2.89
33.901,3.673,3.267,3.788,3.334,0.00,0.00,-1,733,3.72|2.87|3.79|2.95
33.918,3.661,3.293,3.978,3.416,0.00,0.00,-1,732,3.98|3.07|3.69|2.92
33.934,3.656,3.295,3.783,3.323,0.00,0.00,-1,732,3.67|2.93|3.78|2.91
33.951,3.640,3.313,3.932,3.405,0.00,0.00,-1,731,3.93|3.07|3.74|2.87
33.968,3.630,3.323,3.792,3.387,0.00,0.00,-1,732,3.73|3.02|3.79|3.01
33.984,3.635,3.328,3.833,3.369,0.00,0.00,-1,732,3.83|2.93|3.77|2.94
34.001,3.608,3.354,3.792,3.480,0.00,0.00,-1,732,3.76|3.33|3.79|3.04
34.018,3.605,3.365,3.862,3.427,0.00,0.00,-1,733,3.86|3.12|3.69|3.03
34.034,3.584,3.375,3.740,3.434,0.00,0.00,-1,734,3.70|3.22|3.74|3.07
34.052,3.576,3.393,3.899,3.486,0.00,0.00,-1,734,3.90|3.23|3.68|3.14
34.068,3.567,3.389,3.666,3.392,0.00,0.00,-1,733,3.58|3.13|3.67|3.19
34.084,3.545,3.411,3.832,3.523,0.00,0.00,-1,733,3.83|3.37|3.65|3.23
34.101,3.547,3.407,3.577,3.411,0.00,0.00,-1,733,3.57|3.27|3.58|3.23
34.118,3.530,3.426,3.762,3.523,0.00,0.00,-1,732,3.76|3.39|3.68|3.26
34.135,3.513,3.424,3.602,3.436,0.00,0.00,-1,732,3.60|3.34|3.49|3.31
34.152,3.519,3.432,3.673,3.486,0.00,0.00,-1,732,3.61|3.26|3.67|3.40
34.168,3.487,3.435,3.535,3.468,0.00,0.00,-1,733,3.54|3.44|3.49|3.41
34.185,3.502,3.434,3.646,3.452,0.00,0.00,-1,733,3.46|3.28|3.65|3.42
34.201,3.470,3.436,3.530,3.466,0.00,0.00,-1,733,3.46|3.53|3.45|3.43
34.218,3.480,3.437,3.532,3.460,0.00,0.00,-1,733,3.47|3.42|3.53|3.41
34.235,3.463,3.437,3.515,3.460,0.00,0.00,-1,733,3.50|3.51|3.46|3.37
34.252,3.462,3.443,3.509,3.486,0.00,0.00,-1,733,3.51|3.47|3.45|3.51
34.268,3.474,3.439,3.488,3.447,0.00,0.00,-1,733,3.49|3.44|3.46|3.40
34.285,3.451,3.446,3.555,3.497,0.00,0.00,-1,733,3.44|3.52|3.47|3.55
34.301,3.475,3.440,3.456,3.434,0.00,0.00,-1,734,3.46|3.38|3.45|3.46
34.318,3.452,3.444,3.524,3.482,0.00,0.00,-1,734,3.39|3.52|3.52|3.49
34.335,3.474,3.443,3.526,3.458,0.00,0.00,-1,735,3.46|3.38|3.47|3.53
34.352,3.459,3.442,3.532,3.461,0.00,0.00,-1,735,3.42|3.53|3.49|3.40
34.368,3.472,3.446,3.514,3.483,0.00,0.00,-1,736,3.51|3.46|3.48|3.48
34.385,3.467,3.445,3.528,3.461,0.00,0.00,-1,737,3.48|3.53|3.46|3.38
34.402,3.468,3.450,3.520,3.492,0.00,0.00,-1,738,3.52|3.50|3.48|3.47
34.418,3.478,3.448,3.510,3.460,0.00,0.00,-1,738,3.51|3.46|3.43|3.44
34.435,3.464,3.449,3.488,3.471,0.00,0.00,-1,739,3.46|3.49|3.48|3.46
34.452,3.483,3.444,3.497,3.446,0.00,0.00,-1,739,3.46|3.38|3.44|3.50
34.469,3.464,3.445,3.498,3.471,0.00,0.00,-1,739,3.41|3.50|3.50|3.48
34.485,3.482,3.441,3.514,3.446,0.00,0.00,-1,738,3.44|3.36|3.47|3.51
34.502,3.466,3.444,3.533,3.476,0.00,0.00,-1,738,3.42|3.53|3.51|3.43
34.519,3.477,3.444,3.481,3.461,0.00,0.00,-1,737,3.48|3.43|3.47|3.46
34.536,3.470,3.450,3.553,3.495,0.00,0.00,-1,737,3.50|3.55|3.50|3.42
34.552,3.472,3.452,3.515,3.481,0.00,0.00,-1,736,3.52|3.49|3.46|3.46
34.569,3.477,3.453,3.526,3.480,0.00,0.00,-1,735,3.53|3.48|3.46|3.45
34.585,3.466,3.454,3.497,3.476,0.00,0.00,-1,735,3.49|3.50|3.46|3.45
34.602,3.482,3.447,3.506,3.440,0.00,0.00,-1,734,3.44|3.39|3.43|3.51
34.619,3.463,3.450,3.506,3.479,0.00,0.00,-1,733,3.42|3.51|3.51|3.48
34.635,3.484,3.441,3.509,3.428,0.00,0.00,-1,733,3.40|3.36|3.45|3.51
34.652,3.461,3.447,3.548,3.488,0.00,0.00,-1,733,3.44|3.55|3.53|3.44
34.669,3.477,3.441,3.453,3.440,0.00,0.00,-1,733,3.45|3.41|3.45|3.44
34.685,3.464,3.450,3.569,3.502,0.00,0.00,-1,734,3.49|3.57|3.51|3.44
34.703,3.468,3.450,3.511,3.470,0.00,0.00,-1,734,3.51|3.48|3.45|3.44
34.719,3.471,3.451,3.518,3.474,0.00,0.00,-1,735,3.52|3.48|3.45|3.45
34.736,3.461,3.451,3.482,3.471,0.00,0.00,-1,735,3.48|3.48|3.47|3.45
34.752,3.477,3.446,3.484,3.444,0.00,0.00,-1,735,3.47|3.40|3.42|3.48
34.770,3.455,3.447,3.509,3.469,0.00,0.00,-1,735,3.39|3.49|3.51|3.49
34.786,3.477,3.442,3.490,3.443,0.00,0.00,-1,735,3.46|3.36|3.46|3.49
34.802,3.452,3.443,3.529,3.468,0.00,0.00,-1,735,3.40|3.53|3.52|3.43
34.819,3.471,3.441,3.494,3.451,0.00,0.00,-1,735,3.49|3.41|3.46|3.44
34.836,3.453,3.444,3.548,3.476,0.00,0.00,-1,735,3.46|3.55|3.48|3.42
34.853,3.458,3.446,3.513,3.471,0.00,0.00,-1,736,3.51|3.47|3.45|3.45
34.870,3.458,3.444,3.488,3.456,0.00,0.00,-1,736,3.49|3.48|3.43|3.42
34.886,3.449,3.443,3.473,3.457,0.00,0.00,-1,736,3.44|3.47|3.45|3.47
34.903,3.464,3.439,3.480,3.441,0.00,0.00,-1,736,3.48|3.40|3.41|3.47
34.920,3.442,3.437,3.482,3.449,0.00,0.00,-1,736,3.36|3.48|3.48|3.48
34.936,3.464,3.432,3.466,3.431,0.00,0.00,-1,736,3.46|3.35|3.45|3.47
34.953,3.441,3.431,3.511,3.448,0.00,0.00,-1,736,3.37|3.51|3.50|3.41
34.970,3.458,3.429,3.491,3.440,0.00,0.00,-1,736,3.49|3.40|3.44|3.42
34.986,3.444,3.433,3.531,3.469,0.00,0.00,-1,736,3.46|3.53|3.47|3.41
35.003,3.449,3.436,3.501,3.463,0.00,0.00,-1,737,3.50|3.47|3.43|3.45
35.019,3.449,3.434,3.483,3.447,0.00,0.00,-1,737,3.48|3.47|3.42|3.42
35.036,3.439,3.433,3.470,3.449,0.00,0.00,-1,738,3.42|3.47|3.44|3.47
35.053,3.453,3.428,3.465,3.425,0.00,0.00,-1,737,3.46|3.37|3.40|3.47
35.070,3.431,3.426,3.468,3.435,0.00,0.00,-1,738,3.35|3.46|3.46|3.47
35.086,3.452,3.419,3.443,3.411,0.00,0.00,-1,738,3.44|3.33|3.44|3.44
35.103,3.432,3.418,3.493,3.433,0.00,0.00,-1,739,3.36|3.49|3.48|3.39
35.120,3.445,3.418,3.477,3.435,0.00,0.00,-1,740,3.48|3.41|3.43|3.42
35.136,3.434,3.421,3.504,3.455,0.00,0.00,-1,740,3.46|3.50|3.47|3.39
35.153,3.436,3.424,3.484,3.452,0.00,0.00,-1,741,3.48|3.48|3.41|3.44
35.170,3.438,3.421,3.480,3.431,0.00,0.00,-1,741,3.48|3.43|3.40|3.41
35.187,3.428,3.421,3.462,3.439,0.00,0.00,-1,741,3.40|3.46|3.43|3.46
35.203,3.441,3.415,3.467,3.409,0.00,0.00,-1,741,3.43|3.34|3.40|3.47
35.220,3.422,3.413,3.475,3.421,0.00,0.00,-1,740,3.34|3.45|3.48|3.42
35.237,3.437,3.404,3.419,3.389,0.00,0.00,-1,740,3.40|3.32|3.42|3.41
35.253,3.418,3.405,3.478,3.427,0.00,0.00,-1,740,3.38|3.48|3.48|3.37
35.270,3.426,3.405,3.466,3.424,0.00,0.00,-1,741,3.47|3.42|3.41|3.41
35.287,3.418,3.407,3.463,3.434,0.00,0.00,-1,741,3.46|3.46|3.42|3.40
35.303,3.415,3.409,3.459,3.432,0.00,0.00,-1,741,3.46|3.46|3.39|3.42
35.320,3.423,3.405,3.445,3.408,0.00,0.00,-1,741,3.44|3.37|3.38|3.44
35.337,3.408,3.404,3.442,3.420,0.00,0.00,-1,740,3.37|3.44|3.44|3.44
35.353,3.424,3.395,3.431,3.377,0.00,0.00,-1,741,3.39|3.30|3.39|3.43
35.370,3.400,3.392,3.460,3.398,0.00,0.00,-1,741,3.32|3.44|3.46|3.37
35.387,3.414,3.386,3.412,3.379,0.00,0.00,-1,742,3.41|3.33|3.40|3.38
35.404,3.400,3.390,3.477,3.424,0.00,0.00,0,742,3.40|3.48|3.44|3.38
35.420,3.404,3.392,3.464,3.419,0.00,0.00,0,742,3.46|3.43|3.38|3.40
35.437,3.404,3.390,3.443,3.400,0.00,0.00,0,742,3.44|3.41|3.36|3.38
35.454,3.394,3.391,3.432,3.412,0.00,0.00,0,742,3.40|3.43|3.39|3.43
35.471,3.408,3.384,3.420,3.377,0.00,0.00,0,742,3.41|3.32|3.36|3.42
35.487,3.386,3.382,3.442,3.390,0.00,0.00,0,742,3.30|3.42|3.44|3.39
35.504,3.405,3.374,3.399,3.362,0.00,0.00,0,741,3.39|3.29|3.40|3.36
35.520,3.384,3.374,3.456,3.393,0.00,0.00,0,741,3.34|3.46|3.42|3.35
35.538,3.394,3.376,3.456,3.400,0.00,0.00,0,740,3.46|3.39|3.38|3.38
35.554,3.387,3.376,3.425,3.393,0.00,0.00,0,739,3.42|3.42|3.37|3.36
35.571,3.383,3.377,3.421,3.403,0.00,0.00,0,738,3.40|3.42|3.38|3.41
35.587,3.394,3.372,3.409,3.371,0.00,0.00,0,738,3.41|3.34|3.34|3.40
35.604,3.374,3.371,3.413,3.384,0.00,0.00,0,738,3.31|3.41|3.41|3.41
35.621,3.395,3.363,3.385,3.348,0.00,0.00,0,739,3.38|3.27|3.38|3.35
35.638,3.371,3.363,3.442,3.379,0.00,0.00,1,739,3.31|3.44|3.42|3.35
35.654,3.386,3.361,3.424,3.372,0.00,0.00,1,739,3.42|3.34|3.37|3.35
35.671,3.371,3.363,3.436,3.389,0.00,0.00,1,738,3.40|3.44|3.37|3.35
35.687,3.372,3.364,3.410,3.388,0.00,0.00,1,738,3.41|3.41|3.35|3.39
35.705,3.377,3.360,3.397,3.360,0.00,0.00,1,739,3.40|3.34|3.33|3.38
35.721,3.361,3.360,3.408,3.379,0.00,0.00,1,738,3.32|3.40|3.39|3.41
35.738,3.378,3.351,3.365,3.333,0.00,0.00,1,739,3.36|3.26|3.36|3.35
35.754,3.353,3.348,3.411,3.355,0.00,0.00,1,738,3.27|3.41|3.41|3.33
35.771,3.369,3.344,3.399,3.347,0.00,0.00,0,738,3.40|3.31|3.35|3.33
35.788,3.352,3.348,3.440,3.381,0.00,0.00,0,737,3.37|3.44|3.38|3.34
35.804,3.357,3.349,3.410,3.371,0.00,0.00,0,736,3.41|3.39|3.33|3.36
35.821,3.358,3.346,3.390,3.352,0.00,0.00,0,736,3.39|3.35|3.32|3.35
35.838,3.345,3.346,3.392,3.366,0.00,0.00,0,735,3.32|3.38|3.37|3.39
35.854,3.361,3.336,3.341,3.314,0.00,0.00,0,734,3.34|3.24|3.34|3.33
35.871,3.336,3.332,3.393,3.333,0.00,0.00,0,734,3.25|3.38|3.39|3.31
35.888,3.354,3.326,3.362,3.321,0.00,0.00,2,733,3.36|3.27|3.34|3.31
35.905,3.336,3.329,3.412,3.361,0.00,0.00,2,733,3.34|3.41|3.37|3.32
35.921,3.339,3.331,3.398,3.355,0.00,0.00,2,733,3.40|3.37|3.30|3.35
35.938,3.340,3.328,3.377,3.337,0.00,0.00,2,732,3.38|3.34|3.30|3.33
35.955,3.328,3.330,3.376,3.352,0.00,0.00,2,732,3.32|3.37|3.34|3.38
35.971,3.344,3.319,3.326,3.295,0.00,0.00,2,732,3.33|3.23|3.32|3.31
35.988,3.319,3.315,3.373,3.316,0.00,0.00,2,732,3.23|3.36|3.37|3.30
36.005,3.335,3.308,3.340,3.300,0.00,0.00,2,732,3.34|3.25|3.33|3.29
36.021,3.318,3.312,3.394,3.344,0.00,0.00,2,733,3.33|3.39|3.35|3.31
36.039,3.320,3.313,3.374,3.335,0.00,0.00,2,733,3.37|3.35|3.28|3.33
36.056,3.322,3.311,3.358,3.321,0.00,0.00,2,734,3.36|3.31|3.29|3.33
36.072,3.308,3.310,3.351,3.327,0.00,0.00,2,734,3.29|3.35|3.33|3.34
36.088,3.325,3.300,3.310,3.275,0.00,0.00,2,734,3.31|3.21|3.31|3.27
36.105,3.302,3.297,3.360,3.304,0.00,0.00,2,735,3.22|3.35|3.36|3.29
36.122,3.314,3.292,3.339,3.291,0.00,0.00,2,735,3.34|3.25|3.30|3.28
36.138,3.300,3.294,3.359,3.319,0.00,0.00,2,735,3.33|3.36|3.30|3.29
36.156,3.303,3.295,3.346,3.317,0.00,0.00,2,735,3.35|3.34|3.26|3.33
36.172,3.305,3.292,3.331,3.296,0.00,0.00,2,734,3.33|3.28|3.27|3.31
36.188,3.289,3.289,3.331,3.297,0.00,0.00,2,734,3.24|3.33|3.31|3.31
36.205,3.308,3.279,3.304,3.255,0.00,0.00,2,734,3.30|3.18|3.30|3.24
36.222,3.281,3.278,3.345,3.293,0.00,0.00,2,733,3.22|3.34|3.34|3.27
36.239,3.297,3.278,3.350,3.294,0.00,0.00,0,733,3.35|3.27|3.27|3.28
36.256,3.282,3.278,3.324,3.299,0.00,0.00,0,733,3.31|3.32|3.28|3.28
36.272,3.283,3.279,3.329,3.299,0.00,0.00,0,733,3.30|3.32|3.25|3.33
36.289,3.291,3.273,3.301,3.267,0.00,0.00,0,732,3.30|3.23|3.26|3.27
36.305,3.271,3.270,3.312,3.274,0.00,0.00,0,732,3.21|3.31|3.31|3.26
36.322,3.290,3.262,3.298,3.248,0.00,0.00,0,732,3.30|3.18|3.29|3.22
36.339,3.265,3.265,3.343,3.294,0.00,0.00,0,732,3.25|3.34|3.32|3.27
36.356,3.277,3.264,3.328,3.279,0.00,0.00,3,733,3.33|3.28|3.23|3.28
36.372,3.271,3.262,3.293,3.272,0.00,0.00,3,732,3.29|3.28|3.24|3.28
36.389,3.263,3.263,3.309,3.283,0.00,0.00,3,732,3.25|3.31|3.26|3.31
36.406,3.276,3.253,3.277,3.234,0.00,0.00,3,732,3.28|3.18|3.27|3.21
36.422,3.253,3.251,3.305,3.257,0.00,0.00,3,732,3.18|3.30|3.30|3.24
36.443,3.268,3.246,3.303,3.247,0.00,0.00,3,732,3.30|3.20|3.25|3.23
36.456,3.250,3.248,3.312,3.271,0.00,0.00,3,733,3.27|3.31|3.26|3.25
36.473,3.253,3.248,3.287,3.264,0.00,0.00,3,733,3.28|3.28|3.20|3.29
36.489,3.256,3.244,3.277,3.246,0.00,0.00,3,733,3.28|3.22|3.23|3.25
36.506,3.243,3.241,3.286,3.247,0.00,0.00,3,734,3.20|3.29|3.26|3.25
36.527,3.258,3.231,3.258,3.209,0.00,0.00,3,733,3.26|3.14|3.26|3.18
36.541,3.233,3.233,3.303,3.258,0.00,0.00,3,733,3.20|3.30|3.29|3.24
36.556,3.246,3.232,3.298,3.245,0.00,0.00,3,733,3.30|3.24|3.19|3.25
36.573,3.236,3.231,3.263,3.244,0.00,0.00,3,732,3.26|3.25|3.21|3.25
36.589,3.232,3.231,3.281,3.249,0.00,0.00,3,732,3.23|3.28|3.21|3.27
36.606,3.244,3.222,3.247,3.203,0.00,0.00,3,731,3.24|3.16|3.25|3.17
36.623,3.218,3.220,3.279,3.232,0.17,0.00,3,731,3.15|3.27|3.28|3.22
36.642,3.236,3.217,3.275,3.220,0.71,0.00,3,744,3.27|3.18|3.21|3.21
36.656,3.218,3.218,3.259,3.242,1.00,0.00,3,770,3.25|3.26|3.22|3.24
36.673,3.222,3.217,3.264,3.232,1.00,0.00,3,806,3.23|3.26|3.17|3.26
36.689,3.228,3.210,3.232,3.197,1.00,0.00,3,850,3.23|3.16|3.23|3.17
36.706,3.208,3.207,3.262,3.213,1.00,0.00,3,900,3.14|3.26|3.25|3.20
36.723,3.224,3.201,3.240,3.196,1.00,0.00,3,957,3.24|3.14|3.22|3.18
36.743,3.202,3.204,3.266,3.230,1.00,0.00,3,1018,3.22|3.27|3.21|3.22
36.756,3.209,3.202,3.244,3.213,1.00,0.00,3,1083,3.23|3.24|3.14|3.24
36.773,3.210,3.199,3.237,3.204,1.00,0.00,3,1153,3.24|3.18|3.21|3.19
36.789,3.196,3.195,3.244,3.198,1.00,0.00,3,1226,3.15|3.24|3.20|3.19
36.806,3.211,3.186,3.220,3.169,1.00,0.00,3,1302,3.21|3.11|3.22|3.14
36.823,3.188,3.189,3.262,3.219,1.00,0.00,3,1381,3.18|3.26|3.23|3.21
36.842,3.198,3.186,3.227,3.192,1.00,0.00,3,1464,3.23|3.21|3.12|3.22
36.856,3.194,3.185,3.228,3.198,1.00,0.00,3,1550,3.23|3.18|3.19|3.19
36.876,3.186,3.181,3.231,3.184,1.00,0.00,3,1639,3.15|3.23|3.17|3.18
36.890,3.197,3.172,3.208,3.154,1.00,0.00,3,1733,3.20|3.09|3.21|3.12
36.906,3.174,3.175,3.246,3.206,1.00,0.00,3,1830,3.15|3.25|3.22|3.21
36.923,3.188,3.172,3.213,3.175,1.00,0.00,3,1932,3.21|3.19|3.10|3.20
36.940,3.177,3.171,3.213,3.187,1.00,0.00,3,2040,3.21|3.18|3.17|3.18
36.956,3.174,3.168,3.215,3.174,1.00,0.00,3,2154,3.15|3.22|3.15|3.18
36.973,3.184,3.159,3.200,3.141,1.00,0.00,3,2274,3.18|3.08|3.20|3.10
36.990,3.160,3.162,3.229,3.191,1.00,0.00,3,2400,3.13|3.23|3.21|3.19
37.007,3.175,3.158,3.200,3.159,1.00,0.00,3,2531,3.20|3.17|3.09|3.18
37.023,3.162,3.158,3.201,3.176,1.00,0.00,3,2666,3.20|3.17|3.16|3.17
37.042,3.161,3.155,3.201,3.159,1.00,0.00,3,2806,3.14|3.20|3.13|3.17
37.057,3.170,3.147,3.190,3.131,1.00,0.00,3,2950,3.17|3.08|3.19|3.08
37.074,3.147,3.149,3.213,3.177,1.00,0.00,3,3096,3.12|3.21|3.20|3.18
37.090,3.162,3.145,3.186,3.144,1.00,0.16,3,3245,3.19|3.15|3.07|3.16
37.107,3.165,3.185,3.782,3.367,1.00,0.33,3,3376,3.40|3.78|3.14|3.15
37.124,3.220,3.433,6.261,4.449,1.00,0.49,3,3470,5.12|6.26|3.19|3.23
37.140,3.237,4.047,10.349,6.541,1.00,0.66,3,3515,9.37|10.35|3.29|3.15
37.157,3.262,5.023,15.180,8.981,1.00,0.82,3,3512,14.26|15.18|3.24|3.25
37.174,3.292,6.290,19.953,11.424,1.00,0.99,3,3469,19.09|19.95|3.31|3.35
37.190,3.314,7.740,24.221,13.617,1.00,1.00,3,3395,23.63|24.22|3.32|3.29
37.207,3.353,8.965,24.745,13.948,1.00,1.00,3,3346,24.24|24.75|3.38|3.43
37.226,3.364,9.860,23.853,13.519,1.00,1.00,3,3329,23.35|23.85|3.45|3.42
37.240,3.418,10.747,25.462,14.375,1.00,1.00,3,3299,24.95|25.46|3.64|3.45
37.257,3.469,11.365,24.268,13.910,1.00,1.00,3,3291,23.85|24.27|3.70|3.82
37.274,3.507,12.017,24.923,14.708,1.00,1.00,3,3270,24.37|24.92|4.56|4.98
37.291,3.557,12.712,24.227,15.572,1.00,1.00,3,3250,23.58|24.23|7.00|7.48
37.307,3.581,13.505,23.935,16.766,1.00,1.00,3,3219,23.34|23.93|9.65|10.14
37.324,3.641,14.383,23.313,17.991,1.00,1.00,3,3181,22.78|23.31|12.70|13.17
37.341,3.677,15.340,22.747,19.265,1.00,1.00,3,3135,22.31|22.75|15.82|16.18
37.357,3.740,16.366,22.215,20.575,1.00,1.00,3,3084,21.76|22.21|19.02|19.31
37.374,3.773,17.428,22.256,21.781,1.00,1.00,3,3029,21.27|21.66|21.94|22.26
37.391,3.810,18.412,22.989,22.455,1.00,1.00,3,2987,21.87|22.31|22.65|22.99
37.408,3.851,19.123,22.343,22.070,1.00,1.00,3,2983,21.99|22.34|21.86|22.09
37.424,3.903,19.738,23.001,22.304,1.00,1.00,3,2991,22.73|23.00|21.61|21.87
37.441,3.943,20.440,23.904,23.358,1.00,1.00,3,2992,22.82|23.13|23.58|23.90
37.458,4.002,21.094,24.230,23.821,1.00,1.00,3,3004,23.45|23.86|23.74|24.23
37.474,4.025,21.578,24.095,23.622,1.00,1.00,3,3041,23.54|24.10|23.19|23.65
37.491,4.071,22.085,24.798,24.218,1.00,1.00,3,3078,24.18|24.80|23.66|24.24
37.508,4.088,22.690,25.821,25.223,1.00,1.00,3,3106,24.63|25.19|25.25|25.82
37.524,4.165,23.210,25.765,25.397,1.00,1.00,3,3148,25.07|25.59|25.17|25.77
37.541,4.181,23.628,26.066,25.410,1.00,1.00,3,3202,25.33|26.07|24.82|25.43
37.558,4.236,24.117,26.529,26.186,1.00,1.00,3,3249,25.87|26.44|25.91|26.53
37.575,4.288,24.651,27.461,26.899,1.00,1.00,3,3289,26.40|26.93|26.80|27.46
37.592,4.342,25.084,27.265,26.927,1.00,1.00,3,3343,26.64|27.27|26.56|27.25
37.608,4.376,25.481,27.677,27.180,1.00,1.00,3,3400,27.20|27.68|26.60|27.24
37.624,4.414,25.961,28.559,27.992,1.00,1.00,3,3446,27.48|28.11|27.81|28.56
37.641,4.454,26.426,28.856,28.397,1.00,1.00,3,3493,28.00|28.56|28.17|28.86
37.658,4.507,26.803,28.917,28.424,1.00,1.00,3,3550,28.19|28.92|27.85|28.75
37.675,4.552,27.201,29.365,28.903,1.00,1.00,3,3604,28.67|29.37|28.34|29.24
37.691,4.560,27.644,30.075,29.526,1.00,1.00,3,3650,29.04|29.77|29.22|30.07
37.708,4.621,28.057,30.356,29.821,1.00,1.00,3,3700,29.42|30.12|29.40|30.36
37.725,4.662,28.427,30.520,30.014,1.00,1.00,3,3755,29.80|30.52|29.39|30.34
37.741,4.730,28.821,30.999,30.508,1.00,1.00,3,3805,30.18|30.89|29.97|31.00
37.758,4.746,29.234,31.632,30.995,1.00,1.00,3,3852,30.50|31.25|30.60|31.63
37.775,4.790,29.615,31.792,31.243,1.00,1.00,3,3901,30.88|31.61|30.69|31.79
37.792,4.841,29.960,31.929,31.449,1.00,1.00,3,3951,31.19|31.93|30.77|31.91
37.809,4.864,30.331,32.400,31.917,1.00,1.00,3,3998,31.59|32.37|31.31|32.40
37.825,4.914,30.697,32.877,32.269,1.00,1.00,3,4042,31.84|32.64|31.71|32.88
37.842,4.956,31.038,33.062,32.504,1.00,1.00,3,4087,32.14|32.93|31.88|33.06
37.858,4.988,31.362,33.383,32.759,1.00,1.00,3,4132,32.36|33.11|32.18|33.38
37.875,5.042,31.689,33.682,33.096,1.00,1.00,3,4175,32.70|33.49|32.51|33.68
37.892,5.090,32.012,33.975,33.406,1.00,1.00,3,4216,33.04|33.84|32.77|33.97
37.908,5.120,32.325,34.280,33.675,1.00,1.00,3,4257,33.38|34.07|32.96|34.28
37.925,5.178,32.621,34.470,33.899,1.00,1.00,3,4297,33.60|34.35|33.18|34.47
37.942,5.213,32.899,34.645,34.107,1.00,1.00,3,4336,33.81|34.64|33.34|34.64
37.958,5.267,33.170,34.895,34.346,1.00,1.00,3,4374,34.12|34.90|33.56|34.81
37.975,5.294,33.426,35.179,34.541,1.00,1.00,3,4411,34.35|35.18|33.66|34.97
37.992,5.360,33.663,35.396,34.700,1.00,1.00,3,4447,34.59|35.40|33.76|35.06
38.008,5.382,33.896,35.634,34.913,1.00,1.00,3,4483,34.89|35.63|33.91|35.22
38.025,5.429,34.108,35.824,35.043,1.00,1.00,3,4516,35.06|35.82|34.01|35.28
38.042,5.468,34.313,36.040,35.214,1.00,1.00,3,4549,35.31|36.04|34.08|35.43
38.059,5.518,34.506,36.263,35.359,1.00,1.00,3,4580,35.48|36.26|34.18|35.51
38.075,5.550,34.691,36.410,35.512,1.00,1.00,3,4610,35.68|36.41|34.31|35.65
38.092,5.604,34.866,36.613,35.641,1.00,1.00,3,4638,35.82|36.61|34.36|35.77
38.109,5.650,35.034,36.783,35.784,1.00,1.00,3,4665,35.98|36.78|34.49|35.88
38.126,5.686,35.193,36.893,35.900,1.00,1.00,3,4690,36.14|36.89|34.54|36.03
38.143,5.733,35.341,37.048,36.007,1.00,1.00,3,4714,36.24|37.05|34.66|36.09
38.161,5.778,35.483,37.197,36.118,1.00,1.00,3,4737,36.32|37.20|34.73|36.22
38.176,5.812,35.626,37.354,36.262,1.00,1.00,3,4757,36.50|37.35|34.81|36.39
38.193,5.880,35.759,37.450,36.354,1.00,1.00,3,4777,36.57|37.45|34.97|36.43
38.209,5.903,35.888,37.553,36.463,1.00,1.00,3,4796,36.67|37.55|34.99|36.64
38.226,5.941,36.012,37.632,36.563,1.00,1.00,3,4813,36.80|37.63|35.08|36.74
38.243,5.990,36.130,37.781,36.656,1.00,1.00,3,4830,36.90|37.78|35.14|36.80
38.259,6.043,36.237,37.898,36.718,1.00,1.00,3,4846,36.94|37.90|35.20|36.83
38.276,6.063,36.340,38.023,36.800,1.00,1.00,3,4860,36.98|38.02|35.16|37.04
38.293,6.116,36.435,38.131,36.863,1.00,1.00,3,4874,37.07|38.13|35.25|37.00
38.309,6.149,36.522,38.215,36.915,1.00,1.00,3,4888,37.15|38.22|35.25|37.05
38.326,6.219,36.603,38.312,36.969,1.00,1.00,3,4900,37.20|38.31|35.30|37.06
38.343,6.236,36.679,38.375,37.020,1.00,1.00,3,4912,37.25|38.38|35.26|37.19
38.361,6.291,36.746,38.413,37.054,1.00,1.00,3,4924,37.33|38.41|35.28|37.19
38.376,6.329,36.809,38.485,37.096,1.00,1.00,3,4935,37.43|38.49|35.29|37.18
38.393,6.383,36.871,38.604,37.153,1.00,1.00,3,4946,37.51|38.60|35.29|37.20
38.409,6.429,36.924,38.602,37.168,1.00,1.00,3,4956,37.53|38.60|35.35|37.18
38.426,6.459,36.976,38.714,37.215,1.00,1.00,3,4965,37.55|38.71|35.26|37.33
38.443,6.504,37.020,38.723,37.223,1.00,1.00,3,4974,37.58|38.72|35.27|37.31
38.461,6.542,37.057,38.760,37.230,1.00,1.00,3,4981,37.59|38.76|35.23|37.34
38.476,6.603,37.089,38.774,37.243,1.00,1.00,3,4988,37.65|38.77|35.28|37.28
38.493,6.629,37.116,38.773,37.246,1.00,1.00,3,4993,37.67|38.77|35.23|37.32
38.509,6.684,37.139,38.794,37.256,1.00,1.00,3,4997,37.62|38.79|35.25|37.36
38.526,6.704,37.153,38.781,37.229,1.00,1.00,3,5000,37.59|38.78|35.17|37.37
38.543,6.773,37.164,38.795,37.227,1.00,1.00,3,5003,37.61|38.80|35.24|37.27
38.561,6.802,37.170,38.816,37.212,1.00,1.00,3,5005,37.61|38.82|35.28|37.14
38.576,6.860,37.174,38.779,37.206,1.00,1.00,3,5007,37.60|38.78|35.37|37.07
38.593,6.887,37.180,38.808,37.216,1.00,1.00,3,5008,37.66|38.81|35.44|36.96
38.610,6.933,37.179,38.825,37.189,1.00,1.00,3,5009,37.64|38.82|35.48|36.82
38.626,6.982,37.170,38.792,37.143,1.00,1.00,3,5010,37.58|38.79|35.65|36.55
38.643,7.017,37.157,38.834,37.113,1.00,1.00,3,5011,37.58|38.83|35.64|36.40
38.661,7.063,37.147,38.845,37.113,1.00,1.00,3,5012,37.60|38.84|35.61|36.39
38.677,7.106,37.137,38.829,37.101,1.00,1.00,3,5012,37.59|38.83|35.56|36.43
38.693,7.164,37.122,38.827,37.066,1.00,1.00,3,5013,37.59|38.83|35.53|36.32
38.710,7.180,37.110,38.849,37.062,1.00,1.00,3,5013,37.63|38.85|35.44|36.33
38.727,7.232,37.093,38.816,37.027,1.00,1.00,3,5013,37.62|38.82|35.35|36.33
38.743,7.291,37.072,38.830,36.990,1.00,1.00,3,5014,37.56|38.83|35.38|36.19
38.760,7.308,37.055,38.859,36.982,1.00,1.00,3,5014,37.56|38.86|35.25|36.26
38.777,7.372,37.037,38.838,36.963,1.00,1.00,3,5014,37.58|38.84|35.25|36.19
38.794,7.406,37.017,38.843,36.929,1.00,1.00,3,5014,37.55|38.84|35.18|36.13
38.810,7.445,37.002,38.872,36.939,1.00,1.00,3,5014,37.61|38.87|35.14|36.13
38.827,7.486,36.986,38.842,36.912,1.00,1.00,3,5014,37.59|38.84|35.09|36.13
38.843,7.548,36.966,38.849,36.879,1.00,1.00,3,5014,37.53|38.85|35.11|36.04
38.861,7.564,36.952,38.874,36.883,1.00,1.00,3,5014,37.52|38.87|35.02|36.12
38.877,7.626,36.940,38.861,36.883,1.00,1.00,3,5013,37.55|38.86|35.05|36.07
38.894,7.664,36.930,38.856,36.877,1.00,1.00,3,5013,37.54|38.86|35.04|36.08
38.910,7.703,36.924,38.873,36.886,1.00,1.00,3,5013,37.58|38.87|35.01|36.09
38.927,7.751,36.917,38.865,36.875,1.00,1.00,3,5013,37.54|38.86|35.05|36.04
38.944,7.797,36.912,38.860,36.878,1.00,1.00,3,5013,37.53|38.86|35.03|36.10
38.960,7.832,36.910,38.859,36.883,1.00,1.00,3,5013,37.53|38.86|34.98|36.17
38.977,7.882,36.911,38.881,36.895,1.00,1.00,3,5013,37.53|38.88|35.07|36.11
38.994,7.912,36.913,38.876,36.904,1.00,1.00,3,5013,37.53|38.88|35.04|36.17
39.010,7.967,36.915,38.870,36.904,1.00,1.00,3,5012,37.54|38.87|35.02|36.19
39.027,8.010,36.917,38.886,36.903,1.00,1.00,3,5012,37.53|38.89|35.07|36.12
39.046,8.045,36.920,38.885,36.914,1.00,1.00,3,5012,37.49|38.89|35.04|36.24
39.060,8.088,36.924,38.876,36.917,1.00,1.00,3,5012,37.49|38.88|35.04|36.26
39.077,8.145,36.929,38.885,36.924,1.00,1.00,3,5012,37.49|38.88|35.07|36.25
39.094,8.170,36.941,38.907,36.968,1.00,1.00,3,5012,37.55|38.91|35.08|36.34
39.111,8.222,36.949,38.870,36.957,1.00,1.00,3,5012,37.52|38.87|35.08|36.36
39.128,8.272,36.957,38.920,36.961,1.00,1.00,3,5012,37.51|38.92|35.14|36.27
39.144,8.303,36.966,38.911,36.975,1.00,1.00,3,5012,37.49|38.91|35.08|36.42
39.161,8.343,36.974,38.913,36.980,1.00,1.00,3,5012,37.49|38.91|35.09|36.43
39.177,8.394,36.984,38.939,36.994,1.00,1.00,3,5012,37.51|38.94|35.10|36.43
39.194,8.429,36.997,38.920,37.019,1.00,1.00,3,5012,37.54|38.92|35.13|36.48
39.211,8.475,37.005,38.929,37.005,1.00,1.00,3,5012,37.53|38.93|35.05|36.51
39.228,8.527,37.008,38.918,36.982,1.00,1.00,3,5012,37.52|38.92|35.09|36.40
39.245,8.568,37.012,38.923,36.992,1.00,1.00,3,5012,37.52|38.92|35.04|36.48
39.261,8.603,37.016,38.887,36.990,1.00,1.00,3,5013,37.56|38.89|35.05|36.47
39.278,8.641,37.017,38.874,36.983,1.00,1.00,3,5013,37.64|38.87|34.98|36.44
39.295,8.699,37.015,38.802,36.965,1.00,1.00,3,5013,37.67|38.80|35.06|36.33
39.311,8.720,37.014,38.804,36.965,1.00,1.00,3,5013,37.72|38.80|34.93|36.40
39.328,8.777,37.006,38.735,36.926,1.00,1.00,3,5013,37.70|38.73|34.97|36.30
39.344,8.824,36.997,38.719,36.914,1.00,1.00,3,5013,37.73|38.72|34.96|36.25
39.361,8.858,36.988,38.714,36.899,1.00,1.00,3,5013,37.70|38.71|34.84|36.33
39.378,8.899,36.978,38.693,36.887,1.00,1.00,3,5013,37.72|38.69|34.82|36.32
39.395,8.951,36.969,38.691,36.879,1.00,1.00,3,5013,37.77|38.69|34.84|36.22
39.411,8.976,36.964,38.717,36.887,1.00,1.00,3,5013,37.77|38.72|34.72|36.34
39.429,9.030,36.956,38.739,36.870,1.00,1.00,3,5013,37.73|38.74|34.73|36.29
39.445,9.079,36.945,38.787,36.844,1.00,1.00,3,5013,37.65|38.79|34.72|36.22
39.461,9.108,36.938,38.823,36.852,1.00,1.00,3,5013,37.60|38.82|34.69|36.30
39.478,9.160,36.931,38.822,36.841,1.00,1.00,3,5013,37.59|38.82|34.63|36.33
39.496,9.197,36.924,38.846,36.834,1.00,1.00,3,5013,37.58|38.85|34.66|36.25
39.511,9.241,36.918,38.823,36.829,1.00,1.00,3,5013,37.59|38.82|34.57|36.33
39.528,9.274,36.918,38.840,36.854,1.00,1.00,3,5013,37.64|38.84|34.61|36.33
39.545,9.330,36.910,38.803,36.816,1.00,1.00,3,5013,37.63|38.80|34.58|36.25
39.561,9.375,36.910,38.843,36.844,1.00,1.00,3,5013,37.62|38.84|34.60|36.31
39.579,9.415,36.909,38.815,36.838,1.00,1.00,3,5013,37.60|38.82|34.58|36.35
39.596,9.458,36.905,38.812,36.821,1.00,1.00,3,5013,37.61|38.81|34.54|36.32
39.612,9.511,36.905,38.843,36.833,1.00,1.00,3,5012,37.57|38.84|34.58|36.34
39.629,9.529,36.911,38.828,36.866,1.00,1.00,3,5012,37.65|38.83|34.55|36.43
39.645,9.587,36.915,38.859,36.859,1.00,1.00,3,5012,37.63|38.86|34.55|36.40
39.662,9.633,36.917,38.833,36.850,1.00,1.00,3,5012,37.59|38.83|34.61|36.36
39.678,9.666,36.923,38.867,36.873,1.00,1.00,3,5012,37.58|38.87|34.59|36.46
39.696,9.718,36.930,38.879,36.880,1.00,1.00,3,5012,37.55|38.88|34.54|36.54
39.712,9.767,36.935,38.899,36.874,1.00,1.00,3,5012,37.52|38.90|34.61|36.46
39.729,9.795,36.944,38.901,36.895,1.00,1.00,3,5012,37.55|38.90|34.59|36.54
39.745,9.827,36.953,38.940,36.907,1.00,1.00,3,5012,37.54|38.94|34.61|36.54
39.762,9.884,36.960,38.897,36.904,1.00,1.00,3,5012,37.58|38.90|34.59|36.55
39.779,9.934,36.968,38.911,36.915,1.00,1.00,3,5012,37.56|38.91|34.68|36.51
39.796,9.969,36.976,38.929,36.923,1.00,1.00,3,5012,37.51|38.93|34.66|36.59
39.812,10.003,36.985,38.906,36.932,1.00,1.00,3,5012,37.50|38.91|34.72|36.60
39.829,10.056,36.988,38.913,36.914,1.00,1.00,3,5012,37.51|38.91|34.76|36.47
39.845,10.084,36.994,38.938,36.927,1.00,1.00,3,5012,37.51|38.94|34.83|36.43
39.862,10.127,37.000,38.930,36.935,1.00,1.00,3,5012,37.56|38.93|34.92|36.33
39.879,10.174,37.002,38.896,36.921,1.00,1.00,3,5012,37.54|38.90|35.02|36.24
39.896,10.241,37.005,38.920,36.926,1.00,1.00,3,5012,37.53|38.92|35.10|36.15
39.912,10.252,37.006,38.928,36.918,1.00,1.00,3,5012,37.50|38.93|35.02|36.23
39.929,10.314,37.004,38.926,36.907,1.00,1.00,3,5013,37.52|38.93|35.02|36.16
39.946,10.355,37.002,38.929,36.898,1.00,1.00,3,5013,37.49|38.93|35.05|36.12
39.962,10.389,37.002,38.945,36.909,1.00,1.00,3,5013,37.54|38.94|34.97|36.18
39.979,10.429,36.997,38.899,36.886,1.00,1.00,3,5013,37.51|38.90|34.97|36.17
39.996,10.488,36.992,38.908,36.876,1.00,1.00,3,5013,37.49|38.91|34.96|36.15
40.012,10.513,36.988,38.942,36.874,1.00,1.00,3,5013,37.48|38.94|34.85|36.22
40.029,10.563,36.981,38.917,36.856,1.00,1.00,3,5013,37.45|38.92|34.89|36.17
40.046,10.605,36.974,38.919,36.850,1.00,1.00,3,5013,37.50|38.92|34.84|36.14
40.063,10.640,36.967,38.929,36.840,1.00,1.00,3,5013,37.51|38.93|34.76|36.15
40.083,10.689,36.962,38.924,36.840,1.00,1.00,3,5013,37.56|38.92|34.78|36.10
40.097,10.734,36.952,38.872,36.810,1.00,1.00,3,5013,37.53|38.87|34.74|36.10
40.113,10.766,36.945,38.878,36.810,1.00,1.00,3,5013,37.53|38.88|34.71|36.13
40.129,10.822,36.936,38.880,36.799,1.00,1.00,3,5013,37.54|38.88|34.70|36.07
40.146,10.851,36.934,38.840,36.818,1.00,1.00,3,5013,37.61|38.84|34.67|36.16
40.163,10.901,36.929,38.796,36.800,1.00,1.00,3,5013,37.59|38.80|34.69|36.12
40.183,10.948,36.924,38.838,36.800,1.00,1.00,3,5013,37.64|38.84|34.66|36.06
40.196,10.983,36.923,38.810,36.806,1.00,1.00,3,5013,37.58|38.81|34.69|36.14
40.213,11.029,36.919,38.812,36.795,1.00,1.00,3,5013,37.54|38.81|34.64|36.19
40.230,11.087,36.918,38.851,36.798,1.00,1.00,3,5013,37.52|38.85|34.72|36.09
40.246,11.107,36.922,38.823,36.823,1.00,1.00,3,5013,37.57|38.82|34.66|36.23
40.263,11.152,36.926,38.835,36.827,1.00,1.00,3,5013,37.58|38.84|34.67|36.22
40.282,11.206,36.929,38.872,36.821,1.00,1.00,3,5012,37.56|38.87|34.64|36.22
40.296,11.227,36.930,38.837,36.820,1.00,1.00,3,5012,37.55|38.84|34.62|36.27
40.313,11.286,36.932,38.850,36.817,1.00,1.00,3,5012,37.51|38.85|34.70|36.21
40.330,11.325,36.937,38.893,36.834,1.00,1.00,3,5012,37.50|38.89|34.71|36.23
40.346,11.361,36.947,38.900,36.864,1.00,1.00,3,5012,37.58|38.90|34.81|36.17
40.363,11.396,36.950,38.843,36.839,1.00,1.00,3,5012,37.56|38.84|34.75|36.20
40.380,11.466,36.955,38.847,36.851,1.00,1.00,3,5012,37.58|38.85|34.86|36.12
40.397,11.492,36.961,38.800,36.861,1.00,1.00,3,5012,37.60|38.80|34.84|36.20
40.413,11.536,36.968,38.706,36.870,1.00,1.00,3,5012,37.73|38.71|35.00|36.05
40.430,11.586,36.975,38.658,36.874,1.00,1.00,3,5012,37.78|38.66|35.01|36.06
40.447,11.606,36.986,38.544,36.902,1.00,1.00,3,5012,37.86|38.54|35.14|36.06
40.463,11.665,36.988,38.517,36.870,1.00,1.00,3,5012,37.94|38.52|35.11|35.91
40.482,11.691,36.995,38.417,36.895,1.00,1.00,3,5012,38.04|38.42|34.99|36.14
40.497,11.734,36.997,38.335,36.873,1.00,1.00,3,5012,38.10|38.33|34.96|36.09
40.516,11.779,37.003,38.356,36.900,1.00,1.00,3,5012,38.08|38.36|35.10|36.05
40.530,11.820,37.009,38.397,36.899,1.00,1.00,3,5012,38.03|38.40|34.96|36.21
40.547,11.861,37.009,38.404,36.875,1.00,1.00,3,5012,37.96|38.40|35.00|36.14
40.563,11.907,37.009,38.517,36.873,1.00,1.00,3,5013,37.88|38.52|34.87|36.23
40.580,11.946,37.015,38.588,36.901,1.00,1.00,3,5013,37.81|38.59|34.88|36.33
40.597,11.983,37.017,38.676,36.885,1.00,1.00,3,5013,37.77|38.68|34.79|36.30
40.614,12.043,37.018,38.704,36.883,1.00,1.00,3,5013,37.77|38.70|34.87|36.19
40.630,12.064,37.016,38.735,36.868,1.00,1.00,3,5013,37.74|38.74|34.70|36.30
40.647,12.119,37.010,38.735,36.850,1.00,1.00,3,5013,37.69|38.74|34.75|36.22
40.664,12.164,37.001,38.748,36.825,1.00,1.00,3,5013,37.71|38.75|34.69|36.16
40.681,12.198,36.996,38.722,36.832,1.00,1.00,3,5013,37.70|38.72|34.72|36.19
40.697,12.235,36.987,38.692,36.810,1.00,0.89,3,5013,37.74|38.69|34.61|36.19
40.714,12.298,36.978,38.673,36.797,1.00,0.72,3,5013,37.75|38.67|34.71|36.06
40.730,12.325,36.971,38.701,36.802,1.00,0.56,3,5013,37.72|38.70|34.65|36.14
40.747,12.373,36.928,38.286,36.612,1.00,0.39,0,5015,37.37|38.29|34.66|36.13
40.764,12.414,36.659,36.105,35.438,1.00,0.22,0,5021,35.16|36.10|34.50|35.99
40.781,12.442,36.208,35.490,34.267,1.00,0.05,0,5026,33.28|34.34|33.96|35.49
40.797,12.499,35.596,34.152,33.019,1.00,0.00,0,5030,32.14|33.27|32.51|34.15
40.814,12.541,34.868,32.632,31.825,1.00,0.00,0,5033,31.50|32.63|30.80|32.37
40.831,12.581,34.038,31.433,30.596,1.00,0.00,0,5036,30.35|31.43|29.53|31.07
40.847,12.603,33.133,30.107,29.397,1.00,0.00,4,5038,28.93|29.96|28.59|30.11
40.864,12.653,32.151,29.035,28.109,1.00,0.00,4,5040,27.48|28.43|27.50|29.03
40.881,12.710,31.123,27.838,26.902,1.00,0.00,4,5041,26.20|27.25|26.31|27.84
40.897,12.748,30.060,26.483,25.703,1.00,0.02,4,5042,25.12|26.18|25.03|26.48
40.914,12.781,28.977,25.246,24.550,1.00,0.18,4,5043,24.23|25.25|23.59|25.13
40.931,12.830,28.036,25.592,24.174,1.00,0.35,4,5021,24.65|25.59|22.43|24.03
40.948,12.876,27.386,27.687,24.688,1.00,0.52,4,4967,26.70|27.69|21.42|22.94
40.964,12.933,27.051,30.353,25.612,1.00,0.69,4,4881,29.51|30.35|20.56|22.02
40.982,12.980,26.980,33.134,26.598,1.00,0.85,4,4775,32.34|33.13|19.76|21.16
40.998,13.019,27.120,35.705,27.575,1.00,1.00,4,4658,34.98|35.70|19.14|20.47
41.014,13.052,27.426,38.009,28.544,1.00,1.00,4,4531,37.50|38.01|18.74|19.93
41.031,13.094,27.869,39.997,29.532,1.00,1.00,4,4401,39.59|40.00|18.76|19.78
41.048,13.144,28.402,41.291,30.421,1.00,1.00,4,4273,40.94|41.29|19.21|20.24
41.065,13.184,28.820,40.327,30.382,1.00,1.00,4,4182,39.97|40.33|20.12|21.11
41.081,13.214,29.295,40.394,31.075,1.00,1.00,4,4091,40.02|40.39|21.50|22.39
41.098,13.257,29.775,39.409,31.574,1.00,1.00,4,4013,39.09|39.41|23.43|24.37
41.115,13.289,30.331,38.822,32.427,1.00,1.00,4,3931,38.47|38.82|25.73|26.69
41.131,13.358,30.940,37.780,33.245,1.00,1.00,4,3849,37.45|37.78|28.38|29.37
41.148,13.366,31.599,36.829,34.098,1.00,1.00,4,3764,36.48|36.83|31.08|32.01
41.165,13.427,32.298,35.879,34.950,1.00,1.00,4,3678,35.57|35.88|33.74|34.61
41.181,13.468,33.012,36.648,35.715,1.00,1.00,4,3593,35.05|35.32|35.84|36.65
41.198,13.530,33.573,36.073,35.667,1.00,1.00,4,3536,35.49|35.66|35.45|36.07
41.215,13.551,33.978,35.941,35.451,1.00,1.00,4,3508,35.77|35.94|34.70|35.39
41.232,13.598,34.393,36.315,35.902,1.00,1.00,4,3477,35.79|35.93|35.58|36.31
41.248,13.631,34.818,36.991,36.363,1.00,1.00,4,3447,35.99|36.17|36.31|36.99
41.265,13.671,35.109,36.416,36.121,1.00,1.00,4,3441,36.09|36.42|35.60|36.38
41.281,13.708,35.363,36.682,36.227,1.00,1.00,4,3439,36.32|36.68|35.59|36.32
41.298,13.739,35.681,37.478,36.796,1.00,1.00,4,3429,36.37|36.68|36.65|37.48
41.315,13.792,35.969,37.741,36.965,1.00,1.00,4,3430,36.69|37.02|36.41|37.74
41.332,13.811,36.196,37.664,36.947,1.00,1.00,4,3445,37.03|37.29|35.80|37.66
41.348,13.828,36.476,38.888,37.435,1.00,1.00,4,3456,37.41|37.43|36.01|38.89
41.365,13.858,36.806,40.195,37.960,1.00,1.00,4,3465,37.93|37.51|36.20|40.19
41.382,13.868,37.092,40.625,38.074,1.00,1.00,4,3487,38.61|37.64|35.43|40.63
41.398,13.880,37.374,41.482,38.332,1.00,1.00,4,3513,39.40|37.52|34.93|41.48
41.415,13.904,37.742,43.167,39.045,1.00,1.00,4,3528,40.02|37.04|35.95|43.17
41.432,13.912,38.099,44.223,39.352,1.00,1.00,4,3543,40.74|36.46|35.98|44.22
41.449,13.930,38.432,44.874,39.590,1.00,1.00,4,3562,41.61|35.83|36.04|44.87
41.465,13.924,38.791,45.684,40.045,1.00,1.00,4,3578,42.79|35.45|36.26|45.68
41.482,13.900,39.111,46.484,40.207,1.00,1.00,4,3596,43.53|34.74|36.08|46.48
41.499,13.911,39.540,46.870,41.073,1.00,1.00,4,3601,45.08|36.95|35.39|46.87
41.516,13.908,39.905,47.797,41.177,1.00,1.00,4,3619,45.28|36.31|35.32|47.80
41.532,13.902,40.322,48.569,41.804,1.00,1.00,4,3634,45.78|37.38|35.48|48.57
41.549,13.890,40.769,49.665,42.358,1.00,1.00,4,3659,45.70|37.64|36.43|49.66
41.565,13.837,41.241,50.355,42.931,1.00,1.00,4,3689,45.97|38.69|36.71|50.35
41.582,13.813,41.734,50.983,43.501,1.00,1.00,4,3727,45.93|39.49|37.61|50.98
41.599,13.753,42.248,51.305,44.092,1.00,1.00,4,3771,46.01|40.66|38.39|51.30
41.616,13.720,42.723,51.145,44.414,1.00,1.00,4,3821,45.81|41.53|39.18|51.14
41.632,13.689,43.084,49.908,44.313,1.00,1.00,4,3868,45.26|42.34|39.74|49.91
41.649,13.655,43.230,46.792,43.609,1.00,1.00,4,3904,44.37|42.82|40.46|46.79
41.665,13.733,43.206,43.999,42.911,1.00,1.00,4,3931,43.30|43.11|41.24|44.00
41.682,13.716,43.104,43.741,42.503,1.00,1.00,4,3950,41.44|43.74|42.91|41.92
41.699,13.713,42.935,45.009,42.067,1.00,1.00,4,3960,39.13|44.56|45.01|39.57
41.716,13.656,42.651,46.017,41.333,1.00,1.00,4,3972,36.29|46.02|45.85|37.17
41.732,13.579,42.387,48.228,41.149,1.00,1.00,4,3978,34.00|48.23|46.12|36.25
41.749,13.509,42.247,51.990,41.503,1.00,1.00,4,3967,33.61|51.99|44.73|35.68
41.766,13.391,42.067,53.339,41.154,1.00,1.00,4,3981,31.02|53.34|44.61|35.65
41.782,13.305,42.104,56.308,42.055,1.00,1.00,4,3964,34.05|56.31|42.95|34.91
41.799,13.235,42.251,57.935,42.641,1.00,1.00,4,3943,35.01|57.94|42.73|34.89
41.816,13.109,42.442,58.593,43.005,1.00,1.00,4,3935,33.56|58.59|43.84|36.03
41.834,13.057,42.709,58.210,43.569,1.00,1.00,4,3914,34.20|58.21|44.84|37.03
41.849,12.960,42.841,55.425,43.159,1.00,1.00,4,3896,34.26|55.42|45.39|37.57
41.866,12.859,42.909,52.826,42.975,1.00,1.00,4,3881,36.37|52.83|45.26|37.45
41.883,12.730,42.829,49.595,42.312,1.00,1.00,4,3884,37.63|49.59|45.11|36.92
41.900,12.622,42.742,46.610,42.195,1.00,1.00,4,3891,39.93|46.61|45.32|36.92
41.916,12.603,42.733,45.794,42.499,1.00,1.00,4,3910,41.63|44.80|45.79|37.77
41.934,12.538,42.876,46.207,43.249,1.00,1.00,4,3939,42.95|44.89|46.21|38.95
41.950,12.574,43.148,46.709,44.023,1.00,1.00,4,3983,43.84|45.31|46.71|40.23
41.966,12.597,43.453,45.813,44.461,1.00,1.00,4,4032,45.08|45.81|45.44|41.51
41.986,12.631,43.694,46.255,44.439,1.00,1.00,4,4089,46.03|46.25|42.58|42.89
42.000,12.695,43.914,46.876,44.570,1.00,1.00,4,4148,46.88|46.62|40.35|44.43
42.016,12.755,44.133,47.761,44.779,1.00,1.00,4,4207,47.76|47.05|38.15|46.15
42.033,12.833,44.328,48.356,44.879,1.00,1.00,4,4266,48.36|47.39|35.90|47.88
42.050,12.901,44.489,49.522,44.894,1.00,1.00,4,4322,48.86|47.64|33.56|49.52
42.067,12.969,44.644,51.331,45.021,1.00,1.00,4,4370,49.31|47.84|31.61|51.33
42.083,13.063,44.813,53.276,45.240,1.00,1.00,4,4414,49.45|47.94|30.29|53.28
42.100,13.165,45.034,54.747,45.659,1.00,1.00,4,4448,49.37|47.91|30.61|54.75
42.116,13.241,45.336,55.904,46.281,1.00,1.00,4,4470,49.27|47.88|32.07|55.90
42.134,13.286,45.671,56.457,46.742,1.00,1.00,4,4486,48.90|47.73|33.88|56.46
42.150,13.345,46.084,57.020,47.460,1.00,1.00,4,4493,48.74|47.67|36.41|57.02
42.166,13.386,46.572,57.405,48.247,1.00,1.00,4,4496,48.48|47.57|39.53|57.41
42.183,13.400,47.122,57.360,49.036,1.00,1.00,4,4496,48.40|47.55|42.84|57.36
42.200,13.428,47.706,56.869,49.746,1.00,1.00,4,4497,48.61|47.73|45.77|56.87
42.217,13.470,48.157,55.004,49.669,1.00,1.00,4,4506,49.89|47.36|46.42|55.00
42.234,13.496,48.384,52.792,48.997,1.00,1.00,4,4518,50.83|45.95|46.42|52.79
42.250,13.512,48.483,51.264,48.594,1.00,1.00,4,4514,51.26|45.51|46.49|51.12
42.267,13.515,48.453,50.622,48.051,1.00,1.00,4,4505,50.62|44.69|46.98|49.91
42.283,13.541,48.342,50.562,47.618,1.00,1.00,4,4487,50.56|44.32|46.54|49.05
42.301,13.568,48.155,49.777,47.132,1.00,1.00,4,4470,49.78|43.98|46.11|48.66
42.317,13.616,47.979,49.416,47.006,1.00,1.00,4,4446,49.42|44.48|45.72|48.41
42.333,13.660,47.788,48.468,46.752,1.00,1.00,4,4422,48.47|44.67|45.67|48.20
42.350,13.695,47.610,47.892,46.627,1.00,1.00,4,4402,47.89|45.35|45.38|47.89
42.367,13.754,47.463,47.628,46.602,1.00,1.00,4,4388,47.25|45.85|45.68|47.63
42.384,13.797,47.361,47.276,46.681,1.00,1.00,4,4378,46.77|46.47|46.21|47.28
42.401,13.825,47.286,46.835,46.712,1.00,1.00,4,4376,46.42|46.83|46.77|46.82
42.417,13.858,47.244,47.383,46.798,1.00,1.00,4,4380,46.29|47.38|47.20|46.31
42.434,13.899,47.230,47.819,46.897,1.00,1.00,4,4389,46.10|47.78|47.82|45.89
42.451,13.936,47.250,48.252,47.057,1.00,1.00,4,4394,46.52|48.25|48.15|45.31
42.467,13.970,47.270,48.511,47.070,1.00,1.00,4,4405,46.59|48.29|48.51|44.90
42.484,14.006,47.292,48.844,47.102,1.00,1.00,4,4415,46.68|48.51|48.84|44.37
42.501,14.065,47.323,49.082,47.170,1.00,1.00,4,4424,46.81|48.74|49.08|44.05
42.517,14.101,47.341,49.256,47.136,1.00,1.00,4,4435,46.81|48.79|49.26|43.68
42.534,14.126,47.358,49.425,47.148,1.00,1.00,4,4444,46.90|48.94|49.43|43.33
42.551,14.196,47.376,49.373,47.171,1.00,1.00,4,4452,46.93|49.04|49.37|43.35
42.567,14.205,47.384,49.261,47.138,1.00,1.00,4,4460,47.03|49.07|49.26|43.20
42.584,14.262,47.389,49.318,47.133,1.00,1.00,4,4467,47.09|49.04|49.32|43.08
42.601,14.297,47.399,49.273,47.157,1.00,1.00,4,4473,47.15|49.18|49.27|43.03
42.617,14.312,47.401,49.267,47.131,1.00,1.00,4,4478,47.17|49.10|49.27|42.98
42.634,14.359,47.412,49.266,47.169,1.00,1.00,4,4484,47.22|49.18|49.27|43.01
42.651,14.405,47.422,49.283,47.176,1.00,1.00,4,4489,47.16|49.28|49.23|43.03
42.667,14.419,47.436,49.242,47.208,1.00,1.00,4,4493,47.15|49.24|49.21|43.22
42.684,14.486,47.459,49.336,47.258,1.00,1.00,4,4496,47.10|49.34|49.07|43.53
42.701,14.518,47.483,49.310,47.289,1.00,1.00,4,4499,47.07|49.31|48.80|43.97
42.718,14.534,47.520,49.272,47.377,1.00,1.00,4,4500,47.09|49.27|48.51|44.63
42.734,14.583,47.558,49.322,47.415,1.00,1.00,4,4501,47.08|49.32|48.15|45.11
42.751,14.626,47.601,49.245,47.480,1.00,1.00,4,4502,47.14|49.25|47.75|45.78
42.768,14.665,47.645,49.263,47.524,1.00,1.00,4,4503,47.16|49.26|47.37|46.31
42.784,14.695,47.698,49.344,47.610,1.00,1.00,4,4503,47.18|49.34|47.03|46.89
42.801,14.713,47.743,49.251,47.622,1.00,1.00,4,4505,47.16|49.25|46.65|47.42
42.817,14.756,47.787,49.312,47.656,1.00,1.00,4,4506,47.17|49.31|46.26|47.88
42.834,14.787,47.827,49.374,47.681,1.00,1.00,4,4506,47.21|49.37|45.82|48.32
42.851,14.825,47.855,49.254,47.660,1.00,1.00,4,4507,47.26|49.25|45.74|48.39
42.868,14.873,47.887,49.342,47.710,1.00,1.00,4,4508,47.39|49.34|45.71|48.41
42.884,14.911,47.911,49.218,47.700,1.00,1.00,4,4510,47.56|49.22|45.65|48.37
42.901,14.944,47.927,49.040,47.687,1.00,1.00,4,4512,47.79|49.04|45.58|48.34
42.918,14.991,47.950,49.035,47.736,1.00,1.00,4,4515,48.12|49.04|45.51|48.28
42.935,15.013,47.958,48.787,47.687,1.00,1.00,4,4519,48.37|48.79|45.41|48.19
42.955,15.040,47.955,48.600,47.639,1.00,1.00,4,4524,48.53|48.60|45.31|48.11
42.969,15.068,47.954,48.686,47.643,1.00,1.00,4,4529,48.58|48.69|45.24|48.06
42.985,15.126,47.957,48.773,47.664,1.00,1.00,4,4534,48.69|48.77|45.19|48.01
43.001,15.160,47.951,48.752,47.618,1.00,1.00,4,4539,48.68|48.75|45.12|47.92
43.018,15.194,47.943,48.801,47.605,1.00,1.00,4,4544,48.71|48.80|45.05|47.86
43.035,15.229,47.942,48.900,47.627,1.00,1.00,4,4548,48.78|48.90|45.02|47.81
43.055,15.262,47.939,48.904,47.618,1.00,1.00,4,4551,48.82|48.90|44.92|47.83
43.068,15.291,47.932,48.842,47.590,1.00,1.00,4,4555,48.79|48.84|44.95|47.78
43.085,15.326,47.929,48.924,47.607,1.00,1.00,4,4557,48.77|48.92|44.93|47.80
43.102,15.371,47.936,48.959,47.649,1.00,1.00,4,4560,48.83|48.96|44.94|47.86
43.118,15.395,47.940,48.912,47.645,1.00,1.00,4,4562,48.85|48.91|44.96|47.85
43.135,15.441,47.940,48.920,47.619,1.00,1.00,4,4563,48.78|48.92|44.93|47.86
43.155,15.477,47.946,48.974,47.654,1.00,1.00,4,4565,48.74|48.97|44.99|47.91
43.169,15.504,47.958,48.926,47.685,1.00,1.00,4,4565,48.86|48.93|45.05|47.90
43.185,15.534,47.964,48.866,47.666,1.00,1.00,4,4566,48.82|48.87|45.05|47.93
43.202,15.562,47.976,48.952,47.701,1.00,1.00,4,4566,48.74|48.95|45.13|47.98
43.218,15.610,47.987,48.895,47.707,1.00,1.00,4,4566,48.77|48.89|45.22|47.94
43.235,15.654,47.997,48.853,47.714,1.00,1.00,4,4566,48.78|48.85|45.33|47.89
43.254,15.687,48.011,48.859,47.743,1.00,1.00,4,4565,48.70|48.86|45.60|47.80
43.269,15.707,48.029,48.892,47.770,1.00,1.00,4,4564,48.68|48.89|45.90|47.60
43.285,15.736,48.048,48.835,47.796,1.00,1.00,4,4564,48.72|48.83|46.27|47.36
43.302,15.771,48.065,48.771,47.804,1.00,1.00,4,4563,48.74|48.77|46.63|47.08
43.319,15.797,48.088,48.853,47.846,1.00,1.00,4,4562,48.75|48.85|47.05|46.73
43.335,15.834,48.107,48.842,47.854,1.00,1.00,4,4562,48.72|48.84|47.33|46.52
43.354,15.873,48.128,48.827,47.875,1.00,1.00,4,4563,48.83|48.81|47.38|46.49
43.369,15.915,48.143,48.853,47.872,1.00,1.00,4,4563,48.85|48.83|47.36|46.45
43.385,15.951,48.158,48.904,47.882,1.00,1.00,4,4564,48.80|48.90|47.33|46.49
43.402,15.986,48.167,48.928,47.870,1.00,1.00,4,4566,48.87|48.93|47.27|46.41
43.419,16.028,48.176,49.003,47.876,1.00,1.00,4,4568,49.00|48.90|47.25|46.35
43.436,16.046,48.183,49.030,47.878,1.00,1.00,4,4570,48.95|49.03|47.19|46.34
43.452,16.075,48.185,49.044,47.861,1.00,1.00,4,4573,48.98|49.04|47.17|46.24
43.469,16.106,48.187,49.093,47.867,1.00,1.00,4,4576,49.09|49.03|47.16|46.19
43.486,16.134,48.191,49.122,47.871,1.00,1.00,4,4579,49.09|49.12|47.13|46.14
43.502,16.169,48.193,49.156,47.866,1.00,1.00,4,4582,49.08|49.16|47.15|46.07
43.519,16.215,48.194,49.201,47.863,1.00,1.00,4,4584,49.20|49.08|47.15|46.02
43.536,16.251,48.194,49.185,47.858,1.00,1.00,4,4587,49.19|49.16|47.12|45.97
43.554,16.293,48.191,49.187,47.841,1.00,1.00,4,4589,49.19|49.13|47.08|45.96
43.569,16.337,48.187,49.267,47.835,1.00,1.00,4,4591,49.27|49.08|47.03|45.96
43.586,16.369,48.188,49.244,47.849,1.00,1.00,4,4592,49.24|49.16|47.05|45.95
43.603,16.398,48.186,49.243,47.837,1.00,1.00,4,4594,49.24|49.12|46.99|45.99
43.619,16.436,48.186,49.296,47.849,1.00,1.00,4,4595,49.30|49.08|46.98|46.04
43.636,16.453,48.192,49.232,47.872,1.00,1.00,4,4596,49.20|49.23|46.98|46.09
43.655,16.487,48.198,49.236,47.879,1.00,1.00,4,4597,49.24|49.18|46.94|46.17
43.670,16.520,48.201,49.181,47.871,1.00,1.00,4,4597,49.18|49.17|46.92|46.21
43.686,16.539,48.208,49.283,47.894,1.00,1.00,4,4597,49.09|49.28|46.90|46.31
43.703,16.585,48.215,49.226,47.894,1.00,1.00,4,4597,49.12|49.23|46.87|46.36
43.720,16.616,48.222,49.257,47.906,1.00,1.00,4,4597,49.02|49.26|46.91|46.44
43.737,16.654,48.231,49.364,47.919,1.00,1.00,4,4596,48.94|49.36|47.10|46.28
43.753,16.690,48.242,49.306,47.938,1.00,1.00,4,4596,48.93|49.31|47.09|46.43
43.770,16.745,48.254,49.380,47.950,1.00,1.00,4,4595,48.90|49.38|47.11|46.41
43.786,16.764,48.261,49.256,47.942,1.00,1.00,4,4595,48.93|49.26|47.18|46.40
43.803,16.805,48.267,49.173,47.941,1.00,1.00,4,4594,49.04|49.17|47.23|46.32
43.820,16.838,48.280,49.215,47.981,1.00,1.00,4,4594,49.14|49.22|47.28|46.29
43.837,16.860,48.279,49.167,47.927,1.00,1.00,4,4594,49.17|49.05|47.25|46.24
43.853,16.898,48.288,49.362,47.974,1.00,1.00,4,4595,49.36|49.00|47.29|46.24
43.870,16.917,48.295,49.358,47.970,1.00,1.00,4,4595,49.36|49.03|47.35|46.15
43.886,16.937,48.296,49.368,47.952,1.00,1.00,4,4596,49.37|48.95|47.37|46.13
43.903,16.983,48.302,49.461,47.974,1.00,1.00,4,4597,49.46|48.99|47.36|46.09
43.920,17.024,48.302,49.331,47.952,1.00,1.00,4,4598,49.33|49.07|47.37|46.04
43.937,17.069,48.305,49.448,47.965,1.00,1.00,4,4599,49.45|49.05|47.33|46.03
43.953,17.112,48.306,49.473,47.957,1.00,1.00,4,4600,49.47|49.00|47.34|46.02
43.970,17.142,48.309,49.407,47.966,1.00,1.00,4,4601,49.41|49.13|47.31|46.02
43.986,17.182,48.311,49.515,47.962,1.00,1.00,4,4602,49.51|49.06|47.29|45.98
44.003,17.199,48.309,49.493,47.947,1.00,1.00,4,4603,49.49|49.02|47.33|45.94
44.020,17.238,48.311,49.508,47.960,1.00,1.00,4,4604,49.51|49.07|47.32|45.95
44.037,17.267,48.311,49.598,47.958,1.00,1.00,4,4605,49.60|48.97|47.35|45.91
44.053,17.300,48.309,49.528,47.943,1.00,1.00,4,4606,49.53|48.98|47.42|45.85
44.070,17.340,48.315,49.644,47.978,1.00,1.00,4,4607,49.64|49.00|47.43|45.84
44.087,17.385,48.317,49.603,47.966,1.00,1.00,4,4607,49.60|48.98|47.44|45.84
44.104,17.412,48.317,49.610,47.951,1.00,1.00,4,4608,49.61|48.90|47.45|45.85
44.120,17.455,48.326,49.693,48.001,1.00,1.00,4,4608,49.69|49.05|47.42|45.85
44.137,17.472,48.323,49.599,47.951,1.00,1.00,4,4609,49.60|48.95|47.46|45.80
44.154,17.504,48.328,49.739,47.983,1.00,1.00,4,4609,49.74|48.92|47.49|45.79
44.170,17.537,48.329,49.668,47.971,1.00,1.00,4,4609,49.67|48.92|47.53|45.77
44.188,17.569,48.332,49.673,47.980,1.00,1.00,4,4609,49.67|48.94|47.58|45.73
44.204,17.622,48.331,49.730,47.962,1.00,1.00,4,4609,49.73|48.79|47.65|45.67
44.220,17.669,48.330,49.691,47.964,1.00,1.00,4,4609,49.69|48.82|47.65|45.69
44.237,17.709,48.337,49.808,47.996,1.00,1.00,4,4609,49.81|48.85|47.62|45.71
44.254,17.726,48.335,49.727,47.961,1.00,1.00,4,4608,49.73|48.73|47.63|45.76
44.271,17.755,48.336,49.761,47.974,1.00,1.00,4,4608,49.76|48.75|47.62|45.76
44.287,17.781,48.342,49.753,47.998,1.00,1.00,4,4608,49.75|48.82|47.67|45.76
44.304,17.814,48.340,49.745,47.966,1.00,1.00,4,4608,49.74|48.78|47.64|45.70
44.320,17.872,48.343,49.800,47.988,1.00,1.00,4,4608,49.80|48.76|47.64|45.75
44.337,17.909,48.342,49.719,47.967,1.00,1.00,4,4608,49.72|48.80|47.60|45.75
44.354,17.945,48.342,49.805,47.971,1.00,1.00,4,4608,49.80|48.79|47.51|45.78
44.371,17.973,48.339,49.706,47.956,1.00,1.00,4,4608,49.71|48.79|47.53|45.80
44.387,18.006,48.339,49.724,47.966,1.00,1.00,4,4608,49.72|48.81|47.65|45.68
44.404,18.041,48.343,49.707,47.983,1.00,1.00,4,4608,49.71|48.90|47.59|45.73
44.421,18.085,48.338,49.700,47.941,1.00,1.00,4,4608,49.70|48.81|47.55|45.71
44.438,18.134,48.336,49.848,47.953,1.00,1.00,4,4608,49.85|48.73|47.54|45.69
44.455,18.166,48.332,49.829,47.936,1.00,1.00,4,4608,49.83|48.75|47.44|45.72
44.471,18.189,48.334,49.975,47.962,1.00,1.00,4,4608,49.97|48.69|47.42|45.77
44.488,18.219,48.322,49.964,47.899,1.00,1.00,4,4608,49.96|48.46|47.34|45.82
44.505,18.263,48.322,50.074,47.939,1.00,1.00,4,4608,50.07|48.48|47.24|45.96
44.522,18.289,48.322,50.052,47.939,1.00,1.00,4,4608,50.05|48.54|47.12|46.04
44.538,18.325,48.318,50.047,47.919,1.00,1.00,4,4607,50.05|48.49|47.00|46.15
44.554,18.372,48.313,50.043,47.909,1.00,1.00,4,4607,50.04|48.44|47.02|46.14
44.571,18.407,48.311,50.019,47.917,1.00,1.00,4,4607,50.02|48.49|47.03|46.13
44.588,18.455,48.316,50.126,47.950,1.00,1.00,4,4606,50.13|48.52|47.05|46.10
44.605,18.490,48.311,50.039,47.905,1.00,1.00,4,4606,50.04|48.39|47.07|46.12
44.621,18.526,48.309,50.157,47.917,1.00,1.00,4,4606,50.16|48.34|47.09|46.08
44.638,18.572,48.304,50.068,47.895,1.00,1.00,4,4606,50.07|48.40|47.06|46.06
44.655,18.609,48.308,50.215,47.938,1.00,1.00,4,4606,50.21|48.38|47.06|46.09
44.675,18.636,48.302,50.128,47.892,1.00,1.00,4,4605,50.13|48.35|47.05|46.04
44.689,18.684,48.295,50.196,47.882,1.00,1.00,4,4605,50.20|48.30|47.01|46.01
44.705,18.709,48.291,50.145,47.887,1.00,1.00,4,4605,50.15|48.37|47.01|46.03
44.721,18.742,48.293,50.126,47.916,1.00,1.00,4,4604,50.13|48.48|47.03|46.03
44.739,18.777,48.288,50.013,47.878,1.00,1.00,4,4603,50.01|48.52|47.01|45.97
44.755,18.806,48.286,49.984,47.892,1.00,1.00,4,4603,49.98|48.62|47.03|45.94
44.775,18.848,48.281,49.793,47.872,1.00,1.00,4,4602,49.79|48.76|47.01|45.92
44.789,18.890,48.274,49.595,47.856,1.00,1.00,4,4602,49.60|48.89|47.02|45.92
44.805,18.943,48.269,49.526,47.860,1.00,1.00,4,4602,49.53|48.99|47.03|45.90
44.822,18.976,48.258,49.298,47.823,1.00,1.00,4,4602,49.30|49.10|47.02|45.87
44.839,19.016,48.252,49.322,47.841,1.00,1.00,4,4602,49.32|49.17|47.03|45.84
44.855,19.060,48.241,49.358,47.808,1.00,1.00,4,4602,49.36|49.02|47.04|45.81
44.875,19.095,48.233,49.289,47.810,1.00,1.00,4,4601,49.29|49.03|47.05|45.88
44.888,19.129,48.232,49.374,47.838,1.00,1.00,4,4601,49.37|49.06|47.06|45.86
44.905,19.171,48.224,49.347,47.801,1.00,1.00,4,4600,49.35|48.97|47.05|45.84
44.922,19.202,48.213,49.335,47.775,1.00,1.00,4,4600,49.33|48.93|47.07|45.77
44.938,19.247,48.213,49.425,47.820,1.00,1.00,4,4599,49.43|48.97|47.11|45.77
44.955,19.276,48.205,49.406,47.782,1.00,1.00,4,4599,49.41|48.89|47.07|45.76
44.975,19.321,48.196,49.409,47.764,1.00,1.00,4,4598,49.41|48.84|47.08|45.73
44.989,19.373,48.190,49.501,47.771,1.00,1.00,4,4598,49.50|48.82|47.07|45.70
45.005,19.406,48.187,49.497,47.783,1.00,1.00,4,4597,49.50|48.90|47.05|45.68
45.022,19.440,48.177,49.478,47.742,1.00,1.00,4,4597,49.48|48.74|47.07|45.68
45.039,19.472,48.169,49.554,47.743,1.00,1.00,4,4596,49.55|48.71|47.04|45.67
45.055,19.514,48.161,49.498,47.738,1.00,1.00,4,4595,49.50|48.77|47.04|45.64
45.072,19.556,48.153,49.488,47.726,1.00,1.00,4,4595,49.49|48.75|47.03|45.63
45.089,19.597,48.141,49.553,47.700,1.00,1.00,4,4594,49.55|48.63|47.06|45.56
45.106,19.637,48.127,49.503,47.676,1.00,1.00,4,4593,49.50|48.60|47.04|45.56
45.122,19.679,48.122,49.552,47.707,1.00,1.00,4,4592,49.55|48.65|47.03|45.60
45.139,19.719,48.111,49.548,47.676,1.00,1.00,4,4591,49.55|48.61|46.99|45.56
45.156,19.748,48.095,49.511,47.636,1.00,1.00,4,4591,49.51|48.51|46.98|45.54
45.173,19.792,48.088,49.626,47.665,1.00,1.00,4,4590,49.63|48.48|46.99|45.57
45.189,19.833,48.084,49.552,47.676,1.00,1.00,4,4589,49.55|48.56|47.00|45.60
45.206,19.875,48.084,49.562,47.686,1.00,1.00,4,4589,49.56|48.58|46.95|45.65
45.222,19.924,48.084,49.587,47.690,1.00,1.00,4,4588,49.59|48.55|46.94|45.69
45.239,19.968,48.076,49.438,47.646,1.00,1.00,4,4588,49.44|48.58|46.83|45.73
45.256,20.006,48.081,49.464,47.700,1.00,1.00,4,4587,49.46|48.70|46.81|45.83
45.272,20.043,48.083,49.377,47.692,1.00,1.00,4,4586,49.38|48.75|46.76|45.87
45.289,20.083,48.078,49.270,47.660,1.00,1.00,4,4586,49.27|48.72|46.73|45.92
45.306,20.123,48.078,49.275,47.678,1.00,1.00,4,4585,49.27|48.79|46.64|46.01
45.323,20.166,48.078,49.111,47.679,1.00,1.00,4,4585,49.11|48.91|46.59|46.10
45.339,20.210,48.078,49.085,47.678,1.00,1.00,4,4584,49.09|48.90|46.54|46.19
45.356,20.260,48.078,49.082,47.675,1.00,1.00,4,4584,49.08|48.93|46.44|46.24
45.373,20.296,48.081,49.074,47.692,1.00,1.00,4,4583,48.96|49.07|46.39|46.34
45.389,20.341,48.080,49.091,47.675,1.00,1.00,4,4583,48.90|49.09|46.29|46.42
45.406,20.376,48.075,49.089,47.655,1.00,1.00,4,4583,48.88|49.09|46.15|46.50
45.423,20.424,48.074,49.265,47.670,1.00,1.00,4,4583,48.77|49.26|46.06|46.58
45.440,20.451,48.075,49.313,47.675,1.00,1.00,4,4583,48.71|49.31|45.98|46.70
45.456,20.484,48.070,49.306,47.652,1.00,1.00,4,4583,48.63|49.31|45.87|46.80
45.473,20.546,48.074,49.499,47.688,1.00,1.00,4,4583,48.61|49.50|45.71|46.94
45.489,20.571,48.075,49.502,47.676,1.00,1.00,4,4583,48.50|49.50|45.64|47.06
45.506,20.619,48.079,49.608,47.696,1.00,1.00,4,4583,48.46|49.61|45.55|47.17
45.523,20.665,48.088,49.715,47.724,1.00,1.00,4,4583,48.44|49.71|45.42|47.32
45.540,20.713,48.095,49.718,47.725,1.00,1.00,4,4584,48.40|49.72|45.31|47.46
45.556,20.737,48.101,49.909,47.721,1.00,1.00,4,4585,48.26|49.91|45.17|47.54
45.573,20.764,48.101,49.924,47.700,1.00,1.00,4,4585,48.19|49.92|45.02|47.67
45.590,20.786,48.109,50.033,47.740,1.00,1.00,4,4586,48.17|50.03|44.94|47.83
45.606,20.822,48.119,50.096,47.757,1.00,1.00,4,4586,48.12|50.10|44.79|48.02
45.625,20.883,48.128,50.149,47.761,1.00,1.00,4,4587,48.02|50.15|44.65|48.22
45.640,20.949,48.140,50.308,47.784,1.00,1.00,4,4588,47.87|50.31|44.52|48.44
45.657,20.971,48.152,50.343,47.797,1.00,1.00,4,4589,47.84|50.34|44.46|48.55
45.673,20.979,48.167,50.497,47.822,1.00,1.00,4,4590,47.75|50.50|44.27|48.78
45.690,21.055,48.182,50.569,47.839,1.00,1.00,4,4591,47.71|50.57|44.12|48.95
45.707,21.092,48.200,50.702,47.866,1.00,1.00,4,4592,47.61|50.70|44.26|48.90
45.723,21.100,48.224,50.823,47.914,1.00,1.00,4,4592,47.56|50.82|44.41|48.87
45.740,21.159,48.248,50.853,47.940,1.00,1.00,4,4591,47.46|50.85|44.67|48.77
45.757,21.217,48.282,50.959,48.011,1.00,1.00,4,4589,47.57|50.96|44.95|48.57
45.774,21.237,48.319,50.863,48.061,1.00,1.00,4,4587,47.73|50.86|45.41|48.24
45.790,21.246,48.367,50.734,48.157,1.00,1.00,4,4584,48.11|50.73|45.79|48.00
45.807,21.288,48.400,50.338,48.126,1.00,1.00,4,4583,48.44|50.34|46.02|47.71
45.823,21.349,48.423,50.002,48.111,1.00,1.00,4,4584,48.66|50.00|46.31|47.47
45.840,21.398,48.442,49.596,48.112,1.00,1.00,4,4587,48.98|49.60|46.62|47.24
45.857,21.436,48.461,49.294,48.135,1.00,1.00,4,4591,49.29|49.29|47.03|46.92
45.874,21.467,48.470,49.590,48.101,1.00,1.00,4,4595,49.59|48.88|47.31|46.63
45.890,21.491,48.474,49.864,48.089,1.00,1.00,4,4601,49.86|48.51|47.64|46.33
45.907,21.546,48.484,50.227,48.116,1.00,1.00,4,4608,50.23|48.19|47.89|46.16
45.924,21.578,48.523,50.393,48.275,0.00,1.00,4,4607,50.39|48.53|47.90|46.27
45.941,21.624,48.535,50.411,48.176,0.00,1.00,4,4609,50.41|48.56|47.53|46.21
45.957,21.648,48.457,49.916,47.741,0.00,1.00,4,4599,49.92|48.40|46.90|45.75
45.974,21.668,48.111,48.666,46.334,0.00,1.00,4,4575,48.67|47.26|45.32|44.10
45.991,21.658,47.276,46.686,43.569,0.00,1.00,4,4534,46.69|45.48|41.54|40.57
46.007,21.718,46.029,45.436,40.696,0.00,1.00,4,4455,45.44|44.21|36.34|36.79
46.025,21.718,44.661,43.662,38.858,0.00,1.00,4,4365,43.66|42.06|34.29|35.41
46.041,21.760,43.329,42.221,37.684,0.00,1.00,4,4267,42.22|40.89|33.41|34.21
46.058,21.813,42.077,41.347,36.757,0.00,1.00,4,4168,41.35|39.91|32.51|33.26
46.074,21.842,40.857,40.254,35.674,0.00,1.00,4,4074,40.25|38.88|31.49|32.07
46.091,21.889,39.684,39.513,34.702,0.00,1.00,4,3986,39.51|38.09|30.39|30.82
46.107,21.916,38.558,38.779,33.770,0.00,1.00,4,3900,38.78|37.38|29.21|29.71
46.124,21.976,37.476,37.916,32.878,0.00,1.00,4,3816,37.92|36.67|28.24|28.69
46.141,22.008,36.407,36.953,31.863,0.00,1.00,4,3734,36.95|35.92|26.95|27.63
46.158,22.052,35.365,36.074,30.945,0.00,1.00,4,3653,36.07|35.15|25.97|26.58
46.174,22.083,34.356,35.267,30.068,0.00,1.00,4,3573,35.27|34.44|25.03|25.54
46.191,22.128,33.376,34.436,29.214,0.00,1.00,4,3495,34.44|33.68|24.09|24.65
46.208,22.144,32.433,33.696,28.429,0.00,1.00,4,3418,33.70|32.97|23.35|23.69
46.224,22.175,31.538,32.942,27.731,0.00,1.00,4,3344,32.94|32.30|22.80|22.88
46.241,22.215,30.677,32.155,27.017,0.00,1.00,4,3270,32.16|31.49|22.38|22.04
46.258,22.247,29.895,31.447,26.555,0.00,1.00,4,3198,31.45|30.80|22.31|21.67
46.274,22.272,29.209,30.713,26.255,0.00,1.00,4,3127,30.71|30.16|22.39|21.76
46.291,22.285,28.590,29.878,25.904,0.00,1.00,4,3056,29.88|29.51|22.48|21.75
46.312,22.305,28.025,29.059,25.564,0.00,1.00,4,2987,29.06|28.87|22.53|21.80
46.326,22.323,27.503,28.262,25.215,0.00,1.00,4,2918,28.22|28.26|22.53|21.85
46.341,22.334,27.012,27.702,24.853,0.00,1.00,4,2849,27.44|27.70|22.46|21.80
46.358,22.348,26.550,26.886,24.508,0.00,1.00,4,2781,26.82|26.89|22.35|21.98
46.375,22.359,26.113,26.224,24.176,0.00,1.00,4,2714,26.15|26.22|22.43|21.90
46.391,22.366,25.697,25.532,23.848,0.00,1.00,4,2647,25.53|25.47|22.48|21.91
46.412,22.396,25.308,25.002,23.571,0.00,1.00,4,2583,25.00|24.77|22.53|21.99
46.426,22.392,24.938,24.379,23.278,0.00,1.00,4,2520,24.38|24.28|22.53|21.92
46.441,22.397,24.589,23.814,23.017,0.00,1.00,4,2459,23.81|23.74|22.54|21.97
46.458,22.401,24.266,23.361,22.800,0.00,1.00,4,2403,23.36|23.27|22.62|21.96
46.475,22.395,23.968,23.026,22.602,0.00,0.84,4,2350,23.03|22.90|22.58|21.91
46.492,22.406,23.703,22.787,22.472,0.00,0.67,4,2302,22.79|22.58|22.54|21.98
46.511,22.397,23.465,22.615,22.345,0.00,0.51,4,2259,22.61|22.29|22.61|21.87
46.525,22.395,23.258,22.593,22.265,0.00,0.33,4,2220,22.46|22.07|22.59|21.94
46.542,22.384,23.078,22.566,22.194,0.00,0.17,4,2185,22.32|21.92|22.57|21.96
46.559,22.367,22.922,22.558,22.134,0.00,0.00,4,2152,22.24|21.82|22.56|21.92
46.575,22.374,22.790,22.518,22.098,0.00,0.00,4,2121,22.25|21.72|22.52|21.90
46.592,22.360,22.676,22.580,22.061,0.00,0.00,4,2092,22.18|21.67|22.58|21.82
46.609,22.358,22.583,22.544,22.049,0.00,0.00,4,2064,22.16|21.64|22.54|21.86
46.625,22.348,22.508,22.495,22.047,0.00,0.00,4,2037,22.17|21.63|22.50|21.90
46.642,22.328,22.439,22.506,22.006,0.00,0.00,4,2010,22.16|21.52|22.51|21.83
46.658,22.332,22.381,22.576,21.994,0.00,0.00,4,1985,22.08|21.50|22.58|21.82
46.675,22.327,22.328,22.574,21.958,0.00,0.00,4,1959,22.08|21.45|22.57|21.72
46.692,22.318,22.282,22.524,21.944,0.00,0.00,4,1934,22.07|21.47|22.52|21.71
46.711,22.318,22.241,22.446,21.924,0.00,0.00,4,1910,22.03|21.41|22.45|21.80
46.725,22.294,22.204,22.455,21.901,0.00,0.00,4,1886,22.03|21.38|22.46|21.73
46.742,22.298,22.171,22.476,21.888,0.00,0.00,4,1862,21.99|21.35|22.48|21.73
46.759,22.282,22.140,22.448,21.862,0.00,0.00,4,1838,21.96|21.38|22.45|21.66
46.775,22.274,22.107,22.412,21.826,0.00,0.00,4,1814,21.96|21.27|22.41|21.66
46.792,22.269,22.078,22.437,21.810,0.00,0.00,4,1791,21.90|21.24|22.44|21.66
46.809,22.260,22.052,22.473,21.799,0.00,0.00,4,1767,21.89|21.23|22.47|21.60
46.826,22.259,22.030,22.446,21.798,0.00,0.00,4,1744,21.91|21.24|22.45|21.60
46.842,22.247,21.998,22.368,21.723,0.00,0.00,4,1721,21.84|21.15|22.37|21.54
46.859,22.231,21.967,22.285,21.697,0.00,0.00,4,1697,21.81|21.09|22.29|21.60
46.876,22.215,21.940,22.337,21.686,0.00,0.00,4,1674,21.77|21.11|22.34|21.52
46.892,22.218,21.909,22.295,21.644,0.00,0.00,4,1651,21.74|21.03|22.30|21.51
46.911,22.197,21.874,22.249,21.594,0.00,0.00,4,1628,21.73|20.98|22.25|21.41
46.926,22.195,21.848,22.307,21.602,0.00,0.00,4,1605,21.66|20.96|22.31|21.49
46.942,22.180,21.823,22.300,21.583,0.00,0.00,4,1582,21.66|20.94|22.30|21.42
46.959,22.185,21.793,22.242,21.536,0.00,0.00,4,1559,21.60|20.86|22.24|21.44
46.976,22.163,21.758,22.146,21.481,0.00,0.00,4,1536,21.61|20.80|22.15|21.36
46.993,22.147,21.730,22.148,21.481,0.00,0.00,4,1513,21.60|20.81|22.15|21.37
47.011,22.131,21.696,22.105,21.424,0.00,0.00,4,1490,21.54|20.72|22.10|21.33
47.026,22.134,21.661,22.095,21.388,0.00,0.00,4,1467,21.48|20.65|22.09|21.33
47.042,22.115,21.630,22.122,21.371,0.00,0.00,4,1444,21.44|20.66|22.12|21.26
47.059,22.110,21.600,22.128,21.345,0.00,0.00,4,1422,21.43|20.56|22.13|21.26
47.076,22.096,21.562,22.029,21.272,0.00,0.00,4,1399,21.31|20.51|22.03|21.24
47.092,22.082,21.526,21.973,21.249,0.00,0.00,4,1376,21.30|20.49|21.97|21.24
47.109,22.059,21.486,22.017,21.193,0.00,0.00,4,1353,21.23|20.40|22.02|21.12
47.126,22.056,21.429,21.783,21.071,0.00,0.00,4,1331,21.15|20.32|21.78|21.02
47.143,22.021,21.154,20.358,19.932,0.00,0.00,4,1308,20.36|19.72|20.31|19.35
47.160,22.002,20.600,19.324,18.271,0.00,0.00,4,1285,19.32|18.78|17.80|17.17
47.176,21.958,19.973,18.533,17.357,0.00,0.00,4,1263,18.53|18.00|16.19|16.70
47.193,21.921,19.489,18.329,17.442,0.00,0.00,4,1240,18.33|17.92|16.57|16.95
47.210,21.885,19.085,18.012,17.366,0.00,0.00,4,1217,18.01|17.97|17.08|16.40
47.226,21.839,18.746,17.952,17.280,0.00,0.00,4,1195,17.95|17.74|16.69|16.74
47.243,21.815,18.521,17.946,17.513,0.00,0.00,4,1172,17.95|17.78|17.01|17.32
47.260,21.768,18.251,17.813,17.067,0.00,0.00,4,1150,17.81|17.64|16.34|16.48
47.276,21.731,18.066,17.905,17.222,0.00,0.00,4,1127,17.91|17.69|16.89|16.40
47.293,21.688,17.916,17.852,17.213,0.00,0.00,4,1105,17.85|17.74|17.27|15.99
47.310,21.652,17.750,17.905,16.983,0.00,0.00,4,1082,17.91|17.44|16.43|16.15
47.327,21.613,17.630,17.716,17.045,0.00,0.00,4,1060,17.72|17.53|16.81|16.12
47.343,21.556,17.537,17.724,17.065,0.00,0.00,4,1037,17.72|17.24|17.08|16.21
47.360,21.530,17.436,17.719,16.931,0.00,0.00,4,1015,17.72|17.27|16.60|16.13
47.376,21.499,17.355,17.582,16.929,0.00,0.00,4,993,17.58|17.12|16.88|16.14
47.393,21.460,17.310,17.783,17.028,0.00,0.00,4,970,17.78|17.21|17.08|16.04
47.410,21.420,17.238,17.440,16.853,0.00,0.00,4,948,17.44|17.09|16.81|16.07
47.426,21.380,17.205,17.520,16.973,0.00,0.00,4,926,17.52|17.04|17.04|16.29
47.446,21.342,17.145,17.228,16.808,0.00,0.00,4,903,17.23|17.01|16.85|16.14
47.460,21.320,17.098,17.325,16.812,0.00,0.00,4,881,17.33|16.97|16.75|16.20
47.477,21.281,17.063,17.371,16.825,0.00,0.00,4,859,17.37|16.99|17.20|15.73
47.493,21.233,17.020,17.425,16.756,0.00,0.00,4,837,17.42|17.05|16.78|15.77
47.510,21.200,17.018,17.349,16.911,0.00,0.00,4,817,17.31|16.92|17.35|16.06
47.527,21.166,16.989,17.375,16.779,0.00,0.00,4,802,17.38|16.90|17.23|15.61
47.543,21.127,16.917,17.175,16.538,0.00,0.00,4,789,17.18|16.79|16.56|15.62
47.560,21.095,16.891,17.218,16.691,0.00,0.00,4,778,17.22|16.74|16.90|15.91
47.577,21.048,16.804,16.696,16.365,0.00,0.00,4,771,16.69|16.15|16.70|15.92
47.594,21.013,16.601,16.497,15.701,0.00,0.00,4,764,15.51|14.94|16.50|15.85
47.610,20.972,16.269,16.907,14.858,0.00,0.00,4,759,13.67|12.97|16.91|15.88
47.627,20.933,15.745,16.870,13.574,0.00,0.00,4,754,11.26|10.49|16.87|15.67
47.644,20.896,15.021,16.700,12.061,0.00,0.00,4,750,8.24|7.36|16.70|15.94
47.660,20.872,14.044,16.894,10.082,0.00,0.00,4,747,4.49|3.43|16.89|15.51
47.677,20.821,12.884,16.914,8.388,0.00,0.00,4,745,0.67|0.37|16.91|15.60
47.694,20.778,11.912,16.780,8.610,0.00,0.00,4,742,0.86|0.40|16.78|16.40
47.710,20.776,11.197,17.125,8.293,0.00,0.00,4,740,0.40|0.42|17.12|15.23
47.727,20.694,10.592,16.920,8.172,0.00,0.00,4,739,0.15|0.08|16.92|15.54
47.744,20.675,10.073,16.615,8.183,0.00,0.00,4,738,0.30|0.16|16.61|15.66
47.761,20.623,9.684,16.683,8.085,0.00,0.00,4,737,0.12|0.14|16.68|15.40
47.777,20.592,9.370,16.705,8.074,0.00,0.00,4,736,0.12|0.03|16.70|15.44
47.794,20.536,9.134,16.985,8.259,0.00,0.00,4,736,0.13|0.09|16.98|15.83
47.811,20.503,8.866,16.768,7.756,0.00,0.00,4,735,0.03|0.06|16.77|14.16
47.827,20.448,8.315,13.263,6.079,0.00,0.00,4,735,0.03|0.00|13.26|11.02
47.844,20.396,7.594,10.241,4.727,0.00,0.00,4,735,0.04|0.04|8.58|10.24
47.861,20.362,6.995,10.423,4.575,0.00,0.00,4,735,0.01|0.02|7.85|10.42
47.877,20.315,6.597,10.955,4.994,0.00,0.00,4,735,0.01|0.03|8.98|10.95
47.894,20.269,6.354,11.561,5.361,0.00,0.00,4,734,0.01|0.00|9.87|11.56
47.911,20.230,6.181,11.528,5.461,0.00,0.00,4,735,0.01|0.01|10.30|11.53
47.929,20.184,6.031,11.723,5.405,0.00,0.00,4,734,0.00|0.01|9.89|11.72
47.944,20.146,5.898,11.208,5.346,0.00,0.00,4,734,0.02|0.01|10.15|11.21
47.961,20.088,5.766,10.919,5.210,0.00,0.00,4,734,0.01|0.01|9.90|10.92
47.978,20.043,5.655,10.502,5.196,0.00,0.00,4,734,0.02|0.00|10.26|10.50
47.995,19.995,5.532,10.053,5.019,0.00,0.00,4,733,0.01|0.01|10.05|10.01
48.011,19.948,5.444,10.290,5.064,0.00,0.00,4,733,0.00|0.00|10.29|9.96
48.032,19.910,5.378,10.435,5.093,0.00,0.00,4,732,0.01|0.00|10.43|9.93
48.046,19.867,5.295,10.046,4.941,0.00,0.00,4,732,0.00|0.01|10.05|9.71
48.061,19.827,5.266,10.650,5.131,0.00,0.00,4,732,0.01|0.01|10.65|9.86
48.078,19.760,5.206,10.093,4.945,0.00,0.00,4,732,0.00|0.01|10.09|9.68
48.095,19.728,5.168,10.128,4.999,0.00,0.00,4,732,0.01|0.00|10.13|9.86
48.111,19.686,5.133,10.416,4.970,0.00,0.00,4,733,0.00|0.00|10.42|9.46
48.128,19.624,4.880,8.607,3.855,0.00,0.00,4,733,0.01|0.00|8.61|6.80
48.145,19.586,4.507,6.233,3.010,0.00,0.00,4,733,0.01|0.01|5.79|6.23
48.161,19.536,4.198,6.353,2.950,0.00,0.00,4,733,0.00|0.01|6.35|5.44
48.178,19.491,4.006,7.269,3.231,0.00,0.00,4,733,0.00|0.01|7.27|5.65
48.195,19.447,3.880,7.506,3.369,0.00,0.00,4,733,0.01|0.02|7.51|5.95
48.211,19.397,3.763,7.409,3.281,0.00,0.00,4,733,0.01|0.00|7.41|5.70
48.228,19.357,3.697,7.747,3.425,0.00,0.00,4,733,0.01|0.00|7.75|5.94
48.245,19.301,3.612,7.430,3.264,0.00,0.00,4,733,0.01|0.01|7.43|5.60
48.262,19.266,3.558,7.817,3.339,0.00,0.00,4,732,0.02|0.02|7.82|5.50
48.278,19.204,3.492,7.347,3.222,0.00,0.00,4,731,0.00|0.02|7.35|5.52
48.295,19.155,3.477,7.741,3.403,0.00,0.00,4,730,0.01|0.00|7.74|5.86
48.311,19.129,3.453,8.141,3.354,0.00,0.00,4,729,0.02|0.00|8.14|5.25
48.328,19.051,3.400,7.218,3.185,0.00,0.00,4,728,0.01|0.02|7.22|5.50
48.345,19.032,3.357,7.722,3.183,0.00,0.00,4,727,0.02|0.01|7.72|4.98
48.362,18.962,3.322,7.310,3.183,0.00,0.00,4,727,0.01|0.02|7.31|5.39
48.379,18.928,3.331,7.861,3.363,0.00,0.00,4,726,0.02|0.02|7.86|5.56
48.395,18.876,3.301,7.430,3.179,0.00,0.00,4,726,0.00|0.02|7.43|5.26
48.412,18.831,3.282,7.707,3.198,0.00,0.00,4,726,0.01|0.01|7.71|5.07
48.428,18.794,3.039,6.238,2.071,0.00,0.00,4,725,0.02|0.00|6.24|2.02
48.445,18.706,2.716,3.625,1.432,0.00,0.00,4,725,0.02|0.02|3.62|2.07
48.462,18.706,2.486,4.171,1.571,0.00,0.00,4,725,0.02|0.01|4.17|2.08
48.479,18.624,2.353,4.924,1.837,0.00,0.00,4,725,0.03|0.04|4.92|2.35
48.495,18.609,2.303,5.650,2.114,0.00,0.00,4,725,0.03|0.02|5.65|2.75
48.512,18.525,2.289,5.732,2.231,0.00,0.00,4,726,0.00|0.01|5.73|3.18
48.529,18.513,2.227,5.646,1.977,0.00,0.00,4,726,0.00|0.00|5.65|2.26
48.545,18.450,2.184,5.316,2.009,0.00,0.00,4,725,0.00|0.01|5.32|2.71
48.562,18.388,2.163,5.365,2.083,0.00,0.00,4,725,0.02|0.02|5.36|2.93
48.580,18.368,2.141,5.467,2.070,0.00,0.00,4,725,0.02|0.04|5.47|2.75
48.596,18.314,2.149,5.679,2.176,0.00,0.00,4,726,0.00|0.02|5.68|3.00
48.612,18.253,2.082,5.063,1.825,0.00,0.00,4,726,0.03|0.01|5.06|2.20
48.629,18.227,2.043,4.909,1.902,0.00,0.00,4,726,0.04|0.04|4.91|2.61
48.646,18.173,2.041,5.377,2.045,0.00,0.00,4,726,0.03|0.04|5.38|2.73
48.662,18.096,2.029,5.589,1.986,0.00,0.00,4,726,0.01|0.02|5.59|2.33
48.679,18.078,1.977,4.735,1.773,0.00,0.00,4,726,0.03|0.02|4.73|2.31
48.696,18.017,1.977,5.112,1.987,0.00,0.00,4,726,0.03|0.03|5.11|2.78
48.712,17.974,1.919,5.282,1.699,0.00,0.00,4,727,0.01|0.01|5.28|1.49
48.729,17.906,1.642,2.334,0.648,0.00,0.00,4,727,0.03|0.03|2.33|0.20
48.746,17.881,1.348,0.344,0.188,0.00,0.00,4,727,0.03|0.04|0.34|0.34
48.763,17.818,1.105,0.615,0.195,0.00,0.00,4,727,0.01|0.04|0.61|0.12
48.779,17.793,0.885,0.122,0.057,0.00,0.00,4,728,0.01|0.01|0.09|0.12
48.796,17.746,0.717,0.235,0.074,0.00,0.00,4,728,0.01|0.01|0.23|0.04
48.812,17.653,0.582,0.216,0.071,0.00,0.00,4,728,0.01|0.00|0.22|0.05
48.829,17.635,0.468,0.045,0.023,0.00,0.00,4,729,0.01|0.01|0.03|0.04
48.846,17.577,0.376,0.119,0.058,0.00,0.00,4,729,0.01|0.01|0.12|0.09
48.863,17.533,0.302,0.094,0.048,0.00,0.00,4,730,0.01|0.02|0.09|0.06
48.879,17.496,0.243,0.021,0.012,0.00,0.00,4,729,0.01|0.02|0.00|0.02
48.896,17.430,0.195,0.066,0.033,0.00,0.00,4,729,0.00|0.01|0.06|0.07
48.913,17.387,0.156,0.034,0.019,0.00,0.00,4,729,0.01|0.00|0.03|0.03
48.930,17.335,0.126,0.039,0.021,0.00,0.00,4,729,0.01|0.01|0.02|0.04
48.946,17.289,0.101,0.030,0.020,0.00,0.00,4,729,0.02|0.01|0.03|0.03
48.963,17.243,0.081,0.007,0.005,0.00,0.00,4,728,0.01|0.01|0.01|0.00
48.979,17.189,0.065,0.018,0.010,0.00,0.00,4,729,0.00|0.00|0.02|0.02
48.996,17.142,0.053,0.015,0.010,0.00,0.00,4,729,0.01|0.00|0.01|0.01
49.013,17.094,0.042,0.008,0.004,0.00,0.00,4,730,0.01|0.00|0.00|0.00
49.030,17.045,0.034,0.012,0.007,0.00,0.00,4,730,0.01|0.00|0.01|0.01
49.046,16.997,0.028,0.007,0.005,0.00,0.00,4,731,0.00|0.00|0.01|0.01
49.063,16.945,0.022,0.005,0.003,0.00,0.00,4,731,0.00|0.00|0.01|0.00
49.080,16.900,0.018,0.005,0.003,0.00,0.17,4,730,0.00|0.00|0.01|0.00
49.097,16.850,0.024,0.096,0.049,0.00,0.34,4,725,0.10|0.10|0.00|0.00
49.114,16.802,0.028,0.097,0.052,0.00,0.51,4,710,0.09|0.10|0.01|0.01
49.130,16.754,0.032,0.103,0.054,0.00,0.67,4,675,0.10|0.10|0.00|0.01
49.146,16.712,0.034,0.091,0.044,0.00,0.84,4,609,0.08|0.09|0.01|0.00
49.163,16.668,0.029,0.034,0.018,0.00,1.00,4,491,0.03|0.03|0.01|0.01
49.180,16.632,0.080,0.562,0.280,0.00,1.00,4,362,0.56|0.55|0.01|0.01
49.197,16.574,0.088,0.249,0.142,0.00,1.00,4,265,0.24|0.25|0.04|0.04
49.214,16.520,0.095,0.268,0.170,0.00,1.00,4,198,0.25|0.27|0.07|0.09
49.230,16.461,0.082,0.076,0.058,0.00,1.00,4,155,0.06|0.08|0.04|0.06
49.247,16.393,0.068,0.021,0.016,0.00,1.00,4,124,0.02|0.01|0.01|0.02
49.267,16.375,0.061,0.079,0.050,0.00,1.00,4,100,0.08|0.07|0.03|0.02
49.281,16.296,0.050,0.034,0.012,0.00,1.00,4,81,0.01|0.03|0.00|0.00
49.297,16.278,0.041,0.037,0.020,0.00,1.00,4,65,0.02|0.00|0.02|0.04
49.313,16.213,0.033,0.016,0.010,0.00,1.00,4,52,0.01|0.00|0.02|0.01
49.330,16.173,0.029,0.018,0.011,0.00,1.00,4,42,0.02|0.02|0.00|0.01
49.347,16.122,0.024,0.018,0.014,0.00,1.00,4,34,0.02|0.01|0.02|0.02
49.363,16.070,0.019,0.008,0.005,0.00,1.00,4,27,0.00|0.00|0.01|0.01
49.381,16.030,0.017,0.018,0.010,0.00,1.00,4,22,0.02|0.01|0.00|0.00
49.397,15.975,0.014,0.007,0.003,0.00,1.00,4,17,0.01|0.00|0.00|0.00
49.414,15.931,0.012,0.014,0.007,0.00,1.00,4,14,0.01|0.00|0.00|0.01
49.430,15.881,0.010,0.009,0.007,0.00,1.00,4,11,0.00|0.01|0.01|0.01
49.447,15.834,0.008,0.006,0.003,0.00,0.83,4,9,0.01|0.00|0.00|0.00
49.464,15.787,0.007,0.007,0.004,0.00,0.66,4,7,0.01|0.01|0.00|0.00
49.481,15.736,0.006,0.004,0.002,0.00,0.49,4,6,0.00|0.00|0.00|0.00
49.497,15.691,0.005,0.009,0.004,0.00,0.33,4,5,0.01|0.00|0.00|0.00
49.515,15.643,0.005,0.014,0.006,0.00,0.16,4,4,0.01|0.01|0.00|0.00
49.531,15.595,0.004,0.006,0.003,0.00,0.00,4,3,0.01|0.00|0.00|0.00
49.547,15.545,0.004,0.010,0.005,0.00,0.00,4,2,0.01|0.01|0.00|0.00
49.564,15.496,0.005,0.016,0.007,0.00,0.00,4,2,0.02|0.01|0.00|0.00
49.581,15.448,0.005,0.017,0.005,0.00,0.00,4,2,0.02|0.00|0.00|0.00
49.597,15.401,0.004,0.002,0.001,0.00,0.00,4,1,0.00|0.00|0.00|0.00
49.614,15.356,0.003,0.015,0.006,0.00,0.00,4,1,0.02|0.01|0.00|0.00
49.630,15.309,0.004,0.020,0.007,0.00,0.00,4,1,0.02|0.01|0.00|0.00
49.648,15.264,0.003,0.005,0.003,0.00,0.00,4,1,0.00|0.00|0.00|0.00
49.664,15.217,0.003,0.015,0.006,0.00,0.00,4,1,0.01|0.02|0.00|0.00
49.681,15.168,0.003,0.008,0.004,0.00,0.00,4,0,0.01|0.01|0.00|0.00
49.697,15.113,0.003,0.014,0.006,0.00,0.00,4,0,0.01|0.01|0.00|0.00
49.714,15.059,0.004,0.016,0.005,0.00,0.00,4,0,0.00|0.02|0.00|0.00
49.731,15.008,0.004,0.012,0.004,0.00,0.00,4,0,0.00|0.01|0.00|0.00
49.748,14.960,0.003,0.004,0.001,0.00,0.00,4,0,0.00|0.00|0.00|0.00
49.765,14.915,0.003,0.006,0.002,0.00,0.00,4,0,0.00|0.01|0.00|0.00
49.781,14.873,0.003,0.009,0.003,0.00,0.00,4,0,0.00|0.01|0.00|0.00
49.798,14.825,0.003,0.019,0.006,0.00,0.00,4,0,0.00|0.02|0.00|0.00
49.815,14.778,0.003,0.004,0.002,0.00,0.00,4,0,0.00|0.00|0.00|0.00
49.831,14.728,0.002,0.002,0.002,0.00,0.00,4,0,0.00|0.00|0.00|0.00
49.848,14.681,0.002,0.006,0.003,0.00,0.00,4,0,0.00|0.01|0.00|0.00
49.865,14.636,0.002,0.002,0.002,0.00,0.00,4,0,0.00|0.00|0.00|0.00
49.881,14.588,0.002,0.008,0.003,0.00,0.00,4,0,0.00|0.01|0.00|0.00
49.898,14.539,0.003,0.017,0.005,0.00,0.00,4,0,0.02|0.00|0.00|0.00
49.915,14.489,0.003,0.015,0.007,0.01,0.00,4,0,0.02|0.01|0.00|0.00
49.931,14.440,0.003,0.003,0.001,0.01,0.00,4,0,0.00|0.00|0.00|0.00
49.948,14.391,0.007,0.070,0.037,0.00,0.00,4,0,0.01|0.03|0.07|0.04
49.965,14.341,0.030,0.334,0.183,0.00,0.00,4,0,0.03|0.12|0.33|0.25
49.982,14.290,0.067,0.508,0.290,0.00,0.00,4,0,0.04|0.15|0.51|0.46
49.998,14.234,0.103,0.548,0.310,0.00,0.00,4,0,0.06|0.12|0.55|0.50
50.015,14.187,0.124,0.432,0.239,0.00,0.00,4,0,0.06|0.06|0.43|0.40
50.032,14.143,0.127,0.340,0.140,0.00,0.00,0,0,0.04|0.03|0.34|0.15
50.051,14.102,0.111,0.178,0.093,0.00,0.00,0,0,0.00|0.10|0.18|0.09
50.065,14.050,0.093,0.253,0.110,0.00,0.00,0,0,0.00|0.07|0.11|0.25
50.081,13.990,0.084,0.236,0.072,0.00,0.00,0,0,0.00|0.04|0.01|0.24
50.098,13.936,0.074,0.163,0.077,0.00,0.00,0,0,0.07|0.02|0.05|0.16
50.115,13.889,0.061,0.150,0.064,0.00,0.00,0,0,0.15|0.01|0.04|0.05
50.132,13.845,0.060,0.184,0.086,0.00,0.00,3,0,0.18|0.02|0.04|0.10
50.151,13.802,0.063,0.196,0.099,0.00,0.00,3,0,0.15|0.02|0.03|0.20
50.165,13.752,0.062,0.169,0.087,0.00,0.00,3,0,0.11|0.05|0.01|0.17
50.182,13.696,0.060,0.123,0.078,0.00,0.00,0,0,0.12|0.05|0.03|0.11
50.199,13.637,0.062,0.265,0.086,0.00,0.00,0,0,0.26|0.03|0.00|0.05
50.215,13.589,0.065,0.338,0.094,0.00,0.00,0,0,0.34|0.00|0.02|0.02
50.232,13.540,0.068,0.343,0.112,0.00,0.00,0,0,0.34|0.03|0.01|0.06
50.252,13.494,0.075,0.365,0.131,0.00,0.00,0,0,0.37|0.07|0.03|0.05
50.265,13.442,0.081,0.290,0.106,0.00,0.00,2,0,0.29|0.06|0.07|0.01
50.282,13.384,0.076,0.128,0.056,0.00,0.00,2,0,0.06|0.04|0.13|0.00
50.299,13.326,0.069,0.137,0.068,0.00,0.00,2,0,0.05|0.05|0.14|0.03
50.315,13.278,0.059,0.124,0.080,0.00,0.00,0,0,0.12|0.06|0.07|0.08
50.333,13.228,0.047,0.147,0.075,0.00,0.00,0,0,0.15|0.04|0.04|0.07
50.351,13.184,0.038,0.110,0.053,0.00,0.00,0,0,0.11|0.01|0.02|0.08
50.365,13.136,0.032,0.051,0.032,0.00,0.00,0,0,0.01|0.03|0.03|0.05
50.382,13.085,0.026,0.081,0.040,0.00,0.00,0,0,0.00|0.08|0.06|0.02
50.399,13.019,0.023,0.101,0.039,0.00,0.00,0,0,0.02|0.01|0.10|0.03
50.416,12.959,0.026,0.109,0.043,0.00,0.00,1,0,0.01|0.05|0.11|0.00
50.432,12.904,0.024,0.046,0.026,0.00,0.00,1,0,0.02|0.05|0.02|0.02
50.450,12.856,0.020,0.021,0.013,0.00,0.00,0,0,0.01|0.01|0.02|0.02
50.466,12.813,0.018,0.067,0.048,0.00,0.00,0,0,0.07|0.03|0.05|0.04
50.483,12.763,0.017,0.127,0.075,0.00,0.00,0,0,0.13|0.09|0.03|0.05
50.499,12.710,0.017,0.062,0.042,0.00,0.00,0,0,0.06|0.05|0.01|0.04
50.516,12.643,0.020,0.066,0.034,0.00,0.00,0,0,0.01|0.05|0.07|0.00
50.533,12.583,0.029,0.123,0.068,0.00,0.00,0,0,0.01|0.12|0.12|0.03
50.551,12.528,0.035,0.107,0.062,0.00,0.00,0,0,0.01|0.11|0.08|0.05
50.566,12.477,0.032,0.055,0.031,0.00,0.00,0,0,0.02|0.02|0.05|0.03
50.583,12.433,0.026,0.067,0.038,0.00,0.00,0,0,0.01|0.07|0.01|0.06
50.599,12.379,0.023,0.166,0.072,0.00,0.00,0,0,0.01|0.17|0.00|0.10
50.616,12.315,0.023,0.124,0.042,0.00,0.00,0,0,0.00|0.04|0.00|0.12
50.632,12.243,0.026,0.104,0.060,0.00,0.00,0,0,0.04|0.10|0.03|0.07
50.651,12.184,0.037,0.175,0.079,0.00,0.00,-1,0,0.01|0.17|0.06|0.07
50.666,12.130,0.044,0.119,0.072,0.00,0.00,-1,0,0.02|0.12|0.10|0.05
50.683,12.081,0.039,0.066,0.036,0.00,0.00,-1,0,0.04|0.03|0.07|0.00
50.700,12.042,0.032,0.141,0.074,0.00,0.00,-1,0,0.08|0.14|0.06|0.02
50.716,11.995,0.030,0.202,0.080,0.00,0.00,-1,0,0.09|0.20|0.02|0.01
50.733,11.933,0.025,0.053,0.027,0.00,0.00,-1,0,0.05|0.03|0.01|0.01
50.750,11.857,0.021,0.136,0.065,0.00,0.00,-1,0,0.10|0.14|0.02|0.00
50.766,11.790,0.027,0.203,0.084,0.00,0.00,-1,0,0.05|0.20|0.01|0.07
50.783,11.733,0.041,0.180,0.095,0.00,0.00,-1,0,0.04|0.15|0.01|0.18
50.800,11.680,0.049,0.214,0.110,0.00,0.00,-1,0,0.10|0.06|0.07|0.21
50.816,11.635,0.049,0.248,0.171,0.00,0.00,-1,0,0.16|0.24|0.03|0.25
50.833,11.593,0.051,0.337,0.193,0.00,0.00,-1,0,0.15|0.26|0.02|0.34
50.851,11.532,0.061,0.507,0.194,0.00,0.00,-1,0,0.08|0.17|0.03|0.51
50.866,11.451,0.088,0.755,0.245,0.00,0.00,-1,0,0.04|0.13|0.06|0.76
50.883,11.377,0.132,1.131,0.403,0.00,0.00,-1,0,0.12|0.29|0.07|1.13
50.900,11.316,0.186,1.234,0.411,0.00,0.00,-1,0,0.06|0.33|0.02|1.23
50.917,11.260,0.243,1.362,0.471,0.00,0.00,-1,0,0.28|0.21|0.03|1.36
50.933,11.204,0.301,1.654,0.539,0.00,0.00,-1,0,0.38|0.01|0.10|1.65
50.951,11.146,0.335,1.684,0.595,0.00,0.00,-1,0,0.38|0.25|0.07|1.68
50.967,11.105,0.353,1.699,0.612,0.00,0.00,-1,0,0.33|0.37|0.05|1.70
50.983,11.062,0.380,1.850,0.625,0.00,0.00,-1,0,0.37|0.26|0.02|1.85
51.000,10.977,0.425,1.946,0.644,0.00,0.00,-1,0,0.49|0.06|0.08|1.95
51.017,10.905,0.490,2.132,0.798,0.00,0.00,-1,0,0.71|0.25|0.10|2.13
51.033,10.834,0.552,2.118,0.828,0.00,0.00,-1,0,0.84|0.30|0.05|2.12
51.051,10.788,0.597,2.114,0.776,0.00,0.00,-1,0,0.80|0.15|0.04|2.11
51.067,10.721,0.636,2.191,0.820,0.00,0.00,-1,0,0.92|0.06|0.11|2.19
51.084,10.658,0.669,2.191,0.929,0.00,0.00,-1,0,1.09|0.26|0.18|2.19
51.101,10.623,0.703,2.268,1.024,0.00,0.00,-1,0,1.30|0.37|0.15|2.27
51.117,10.582,0.721,2.260,1.018,0.00,0.00,-1,0,1.33|0.46|0.03|2.26
51.134,10.492,0.757,2.365,0.981,0.00,0.00,-1,0,1.40|0.15|0.01|2.37
51.150,10.415,0.801,2.378,1.044,0.00,0.00,-1,0,1.52|0.14|0.13|2.38
51.167,10.360,0.848,2.399,1.070,0.00,0.00,-1,0,1.48|0.33|0.07|2.40
51.184,10.279,0.896,2.524,1.132,0.00,0.00,-1,0,1.53|0.39|0.08|2.52
51.201,10.200,0.930,2.424,1.068,0.00,0.00,-1,0,1.52|0.32|0.01|2.42
51.217,10.170,0.952,2.419,1.044,0.00,0.00,-1,0,1.55|0.14|0.07|2.42
51.234,10.097,0.974,2.489,1.085,0.00,0.00,-1,0,1.68|0.05|0.12|2.49
51.251,10.048,0.994,2.427,1.162,0.00,0.00,-1,0,1.87|0.17|0.18|2.43
51.267,9.998,1.012,2.485,1.224,0.00,0.00,-1,0,2.07|0.28|0.06|2.48
51.284,9.934,1.036,2.480,1.135,0.00,0.00,-1,0,2.03|0.02|0.01|2.48
51.301,9.848,1.076,2.495,1.236,0.00,0.00,-1,0,2.06|0.39|0.00|2.49
51.317,9.782,1.116,2.523,1.278,0.00,0.00,-1,0,2.03|0.55|0.01|2.52
51.334,9.728,1.144,2.510,1.260,0.00,0.00,-1,0,2.00|0.53|0.00|2.51
51.351,9.632,1.164,2.464,1.244,0.00,0.00,-1,0,1.98|0.51|0.02|2.46
51.368,9.588,1.188,2.463,1.286,0.00,0.00,-1,0,2.06|0.55|0.07|2.46
51.384,9.540,1.210,2.439,1.300,0.00,0.00,-1,0,2.13|0.58|0.05|2.44
51.401,9.466,1.234,2.463,1.331,0.00,0.00,-1,0,2.15|0.66|0.06|2.46
51.417,9.420,1.251,2.410,1.325,0.00,0.00,-1,0,2.07|0.82|0.01|2.41
51.437,9.364,1.288,2.382,1.439,0.00,0.00,-1,0,2.24|1.10|0.04|2.38
51.451,9.279,1.335,2.523,1.554,0.00,0.00,-1,0,2.36|1.28|0.06|2.52
51.468,9.180,1.368,2.379,1.501,0.00,0.00,-1,0,2.28|1.28|0.06|2.38
51.484,9.152,1.391,2.390,1.487,0.00,0.00,-1,0,2.28|1.10|0.18|2.39
51.501,9.095,1.407,2.432,1.473,0.00,0.00,-1,0,2.16|1.05|0.25|2.43
51.518,9.031,1.408,2.243,1.414,0.00,0.00,-1,0,2.11|1.08|0.22|2.24
51.534,8.977,1.420,2.234,1.472,0.00,0.00,-1,0,2.23|1.25|0.18|2.23
51.551,8.898,1.446,2.269,1.552,0.00,0.00,0,0,2.27|1.54|0.13|2.26
51.568,8.802,1.478,2.367,1.611,0.00,0.00,0,0,2.37|1.76|0.11|2.21
51.585,8.754,1.485,2.286,1.515,0.00,0.00,0,0,2.29|1.57|0.06|2.14
51.601,8.723,1.485,2.332,1.489,0.00,0.00,0,0,2.33|1.45|0.06|2.11
51.618,8.667,1.499,2.444,1.591,0.00,0.00,0,0,2.44|1.59|0.06|2.27
51.634,8.595,1.518,2.360,1.615,0.00,0.00,0,0,2.36|1.86|0.04|2.20
51.651,8.519,1.541,2.346,1.637,0.00,0.00,0,0,2.35|1.85|0.10|2.25
51.668,8.476,1.557,2.325,1.624,0.00,0.00,0,0,2.32|1.69|0.28|2.19
51.685,8.411,1.587,2.312,1.713,0.00,0.00,0,0,2.31|1.75|0.48|2.31
51.701,8.325,1.623,2.337,1.770,0.00,0.00,0,0,2.34|1.95|0.57|2.23
51.718,8.269,1.657,2.300,1.799,0.00,0.00,0,0,2.25|2.03|0.61|2.30
51.735,8.205,1.663,2.358,1.690,0.00,0.00,0,0,2.16|1.78|0.47|2.36
51.751,8.135,1.646,2.151,1.583,0.00,0.00,0,0,2.14|1.74|0.30|2.15
51.768,8.099,1.635,2.252,1.594,0.00,0.00,0,0,2.25|1.94|0.04|2.14
51.786,8.026,1.631,2.322,1.710,0.00,0.00,0,0,2.32|2.16|0.18|2.18
51.801,7.962,1.609,2.223,1.639,0.00,0.00,0,0,2.22|1.93|0.23|2.17
51.819,7.919,1.562,2.023,1.463,0.00,0.00,0,0,1.98|1.69|0.16|2.02
51.835,7.882,1.471,2.001,1.113,0.00,0.00,0,0,1.33|1.12|0.01|2.00
51.852,7.810,1.289,2.037,0.573,0.00,0.00,0,0,0.07|0.03|0.16|2.04
51.869,7.718,1.060,0.997,0.354,0.00,0.00,0,0,0.22|0.14|0.06|1.00
51.885,7.645,0.854,0.235,0.089,0.00,0.00,0,0,0.11|0.01|0.00|0.23
51.904,7.589,0.689,0.176,0.060,0.00,0.00,0,0,0.05|0.00|0.01|0.18
51.919,7.544,0.557,0.076,0.033,0.00,0.00,0,0,0.08|0.03|0.00|0.03
51.935,7.491,0.450,0.089,0.043,0.00,0.00,0,0,0.01|0.03|0.04|0.09
51.952,7.438,0.365,0.080,0.033,0.00,0.00,0,0,0.01|0.02|0.02|0.08
51.972,7.378,0.292,0.015,0.005,0.00,0.00,0,0,0.00|0.00|0.02|0.00
51.985,7.311,0.237,0.051,0.040,0.00,0.00,0,0,0.05|0.02|0.04|0.05
52.002,7.239,0.191,0.058,0.031,0.00,0.00,0,0,0.06|0.01|0.02|0.04
52.019,7.174,0.155,0.060,0.025,0.00,0.00,0,0,0.06|0.00|0.02|0.01
52.035,7.117,0.126,0.043,0.024,0.00,0.00,0,0,0.04|0.01|0.03|0.02
52.053,7.065,0.104,0.051,0.017,0.00,0.00,0,0,0.05|0.00|0.01|0.01
52.072,7.019,0.088,0.078,0.029,0.00,0.00,0,0,0.08|0.01|0.01|0.01
52.085,6.975,0.071,0.017,0.012,0.00,0.00,0,0,0.00|0.02|0.01|0.01
52.102,6.927,0.058,0.017,0.007,0.00,0.00,0,0,0.02|0.01|0.00|0.00
52.119,6.875,0.048,0.029,0.010,0.00,0.00,0,0,0.03|0.00|0.00|0.01
52.136,6.823,0.040,0.020,0.012,0.00,0.00,0,0,0.01|0.02|0.01|0.01
52.153,6.763,0.033,0.046,0.016,0.00,0.00,0,0,0.01|0.05|0.00|0.00
52.172,6.697,0.028,0.020,0.009,0.00,0.00,0,0,0.02|0.00|0.01|0.01
52.186,6.638,0.025,0.047,0.016,0.00,0.00,0,0,0.01|0.05|0.00|0.00
52.202,6.586,0.020,0.004,0.002,0.00,0.00,0,0,0.00|0.00|0.00|0.00
52.219,6.536,0.017,0.016,0.008,0.00,0.00,0,0,0.00|0.02|0.01|0.01
52.236,6.491,0.013,0.006,0.004,0.00,0.00,0,0,0.00|0.01|0.00|0.00
52.253,6.443,0.012,0.021,0.009,0.00,0.00,0,0,0.01|0.02|0.00|0.00
52.269,6.392,0.012,0.022,0.014,0.00,0.00,0,0,0.02|0.02|0.02|0.00
52.286,6.344,0.012,0.022,0.011,0.00,0.00,0,0,0.02|0.01|0.01|0.00
52.302,6.296,0.012,0.027,0.015,0.00,0.00,0,0,0.03|0.01|0.01|0.02
52.319,6.240,0.010,0.030,0.011,0.00,0.00,0,0,0.03|0.00|0.01|0.01
52.336,6.190,0.009,0.023,0.009,0.00,0.00,0,0,0.02|0.00|0.00|0.00
52.353,6.140,0.008,0.018,0.007,0.00,0.00,0,0,0.02|0.00|0.00|0.00
52.371,6.089,0.007,0.017,0.009,0.00,0.00,0,0,0.02|0.01|0.00|0.01
52.386,6.041,0.007,0.016,0.006,0.00,0.00,0,0,0.02|0.00|0.00|0.00
52.403,5.993,0.006,0.012,0.003,0.00,0.00,0,0,0.01|0.00|0.00|0.00
52.419,5.951,0.005,0.012,0.004,0.00,0.00,0,0,0.01|0.00|0.00|0.00
52.436,5.909,0.005,0.010,0.004,0.00,0.00,0,0,0.01|0.00|0.00|0.00
52.454,5.866,0.004,0.009,0.004,0.00,0.00,0,0,0.01|0.00|0.00|0.00
52.471,5.825,0.004,0.009,0.003,0.00,0.00,0,0,0.01|0.00|0.00|0.00
52.486,5.784,0.004,0.010,0.003,0.00,0.00,0,0,0.01|0.00|0.00|0.00
52.503,5.742,0.003,0.009,0.003,0.00,0.00,0,0,0.01|0.00|0.00|0.00
52.520,5.701,0.003,0.009,0.003,0.00,0.00,0,0,0.01|0.00|0.00|0.00
52.536,5.660,0.003,0.012,0.003,0.00,0.00,0,0,0.01|0.00|0.00|0.00
52.553,5.621,0.003,0.011,0.003,0.00,0.00,0,0,0.01|0.00|0.00|0.00
52.569,5.580,0.003,0.010,0.003,0.00,0.00,0,0,0.01|0.00|0.00|0.00
52.586,5.541,0.003,0.011,0.003,0.00,0.00,0,0,0.01|0.00|0.00|0.00
52.603,5.501,0.002,0.010,0.004,0.00,0.00,0,0,0.01|0.01|0.00|0.00
52.620,5.463,0.002,0.008,0.003,0.00,0.00,0,0,0.01|0.00|0.00|0.00
52.636,5.424,0.002,0.012,0.005,0.00,0.00,0,0,0.01|0.01|0.00|0.00
52.657,5.388,0.002,0.012,0.006,0.00,0.00,0,0,0.01|0.01|0.00|0.00
52.670,5.353,0.002,0.009,0.003,0.00,0.00,0,0,0.00|0.01|0.00|0.00
52.686,5.318,0.002,0.007,0.002,0.00,0.00,0,0,0.00|0.01|0.00|0.00
52.703,5.284,0.002,0.007,0.003,0.00,0.00,0,0,0.00|0.01|0.00|0.00
52.720,5.250,0.002,0.008,0.003,0.00,0.00,0,0,0.00|0.01|0.00|0.00
52.736,5.216,0.001,0.006,0.003,0.00,0.00,0,0,0.00|0.01|0.00|0.00
52.756,5.181,0.001,0.006,0.003,0.00,0.00,0,0,0.01|0.00|0.00|0.00
52.770,5.148,0.001,0.007,0.003,0.00,0.00,0,0,0.01|0.01|0.00|0.00
52.787,5.114,0.001,0.007,0.003,0.00,0.00,0,0,0.01|0.00|0.00|0.00
52.803,5.083,0.001,0.008,0.003,0.00,0.00,0,0,0.01|0.00|0.00|0.00
52.820,5.050,0.001,0.009,0.003,0.00,0.00,0,0,0.01|0.00|0.00|0.00
52.837,5.021,0.001,0.006,0.002,0.00,0.00,0,0,0.01|0.00|0.00|0.00
52.856,4.993,0.001,0.003,0.002,0.00,0.00,0,0,0.00|0.00|0.00|0.00
52.870,4.964,0.001,0.004,0.001,0.00,0.00,0,0,0.00|0.00|0.00|0.00
52.887,4.936,0.001,0.005,0.002,0.00,0.00,0,0,0.00|0.00|0.00|0.00
52.908,4.908,0.001,0.004,0.001,0.00,0.00,0,0,0.00|0.00|0.00|0.00
52.920,4.880,0.001,0.005,0.002,0.00,0.00,0,0,0.00|0.00|0.00|0.00
52.937,4.853,0.001,0.002,0.001,0.00,0.00,0,0,0.00|0.00|0.00|0.00
52.956,4.825,0.001,0.003,0.002,0.00,0.00,0,0,0.00|0.00|0.00|0.00
52.970,4.798,0.001,0.007,0.003,0.00,0.00,0,0,0.00|0.01|0.00|0.00
52.987,4.773,0.001,0.003,0.002,0.00,0.00,0,0,0.00|0.00|0.00|0.00
53.004,4.746,0.001,0.006,0.002,0.00,0.00,0,0,0.00|0.01|0.00|0.00
53.020,4.722,0.001,0.011,0.004,0.00,0.00,0,0,0.00|0.01|0.00|0.00
53.037,4.699,0.001,0.008,0.002,0.00,0.00,0,0,0.00|0.01|0.00|0.00
53.057,4.676,0.001,0.006,0.002,0.00,0.00,0,0,0.00|0.01|0.00|0.00
53.071,4.655,0.001,0.006,0.002,0.00,0.00,0,0,0.00|0.01|0.00|0.00
53.087,4.633,0.001,0.005,0.002,0.00,0.00,0,0,0.00|0.01|0.00|0.00
53.104,4.613,0.001,0.004,0.002,0.00,0.00,0,0,0.00|0.00|0.00|0.00
53.121,4.591,0.001,0.004,0.002,0.00,0.00,0,0,0.00|0.00|0.00|0.00
53.137,4.571,0.001,0.003,0.002,0.00,0.00,0,0,0.00|0.00|0.00|0.00
53.154,4.551,0.001,0.003,0.002,0.00,0.00,0,0,0.00|0.00|0.00|0.00
53.171,4.531,0.001,0.005,0.002,0.00,0.00,0,0,0.00|0.01|0.00|0.00
53.187,4.512,0.001,0.005,0.002,0.00,0.00,0,0,0.00|0.01|0.00|0.00
53.204,4.493,0.001,0.005,0.002,0.00,0.00,0,0,0.00|0.01|0.00|0.00
53.222,4.476,0.001,0.008,0.003,0.00,0.00,0,0,0.00|0.01|0.00|0.00
53.238,4.459,0.001,0.011,0.006,0.00,0.00,0,0,0.00|0.01|0.01|0.00
53.254,4.446,0.001,0.006,0.003,0.00,0.00,0,0,0.00|0.01|0.00|0.00
53.271,4.431,0.001,0.007,0.002,0.00,0.00,0,0,0.00|0.01|0.00|0.00
53.288,4.415,0.002,0.009,0.004,0.00,0.00,0,0,0.00|0.01|0.01|0.00
53.304,4.400,0.003,0.021,0.008,0.00,0.00,0,0,0.00|0.01|0.02|0.00
53.321,4.386,0.002,0.009,0.003,0.00,0.00,0,0,0.00|0.01|0.00|0.00
53.338,4.375,0.002,0.008,0.005,0.00,0.00,0,0,0.00|0.01|0.01|0.00
53.354,4.363,0.002,0.010,0.006,0.00,0.00,0,0,0.01|0.01|0.01|0.00
53.371,4.351,0.002,0.009,0.006,0.00,0.00,0,0,0.01|0.01|0.00|0.00
53.388,4.334,0.001,0.014,0.008,0.00,0.00,0,0,0.01|0.01|0.00|0.01
53.404,4.314,0.001,0.018,0.009,0.00,0.00,0,0,0.01|0.02|0.00|0.00
53.421,4.293,0.001,0.014,0.008,0.00,0.00,0,0,0.01|0.01|0.00|0.00
53.438,4.275,0.001,0.016,0.009,0.00,0.00,0,0,0.01|0.02|0.00|0.01
53.459,4.261,0.001,0.015,0.007,0.00,0.00,0,0,0.01|0.01|0.00|0.00
53.472,4.249,0.001,0.014,0.005,0.00,0.00,0,0,0.01|0.01|0.00|0.00
53.488,4.239,0.002,0.011,0.004,0.00,0.00,0,0,0.00|0.01|0.00|0.00
53.505,4.230,0.001,0.009,0.004,0.00,0.00,0,0,0.01|0.01|0.00|0.00
53.522,4.224,0.001,0.014,0.007,0.00,0.00,0,0,0.01|0.01|0.00|0.00
53.538,4.218,0.004,0.061,0.017,0.00,0.00,0,0,0.06|0.01|0.00|0.00
53.559,4.206,0.006,0.041,0.013,0.00,0.00,0,0,0.04|0.01|0.00|0.00
53.571,4.193,0.005,0.006,0.004,0.00,0.00,0,0,0.00|0.01|0.00|0.00
53.588,4.180,0.006,0.022,0.007,0.00,0.00,0,0,0.02|0.01|0.00|0.00
53.609,4.165,0.006,0.024,0.007,0.00,0.00,0,0,0.02|0.00|0.00|0.00
53.622,4.151,0.006,0.028,0.008,0.00,0.00,0,0,0.00|0.03|0.00|0.00
53.638,4.134,0.005,0.016,0.006,0.00,0.00,0,0,0.01|0.02|0.00|0.00
53.658,4.116,0.004,0.010,0.005,0.00,0.00,0,0,0.01|0.01|0.00|0.00
53.672,4.103,0.007,0.057,0.015,0.00,0.00,0,0,0.00|0.06|0.00|0.00
53.688,4.089,0.006,0.013,0.005,0.00,0.00,0,0,0.01|0.00|0.00|0.00
53.705,4.073,0.005,0.007,0.004,0.00,0.00,0,0,0.01|0.00|0.00|0.00
53.722,4.058,0.005,0.022,0.009,0.00,0.00,0,0,0.01|0.02|0.01|0.00
53.739,4.051,0.005,0.015,0.007,0.00,0.00,0,0,0.01|0.02|0.00|0.00
53.758,4.042,0.005,0.005,0.003,0.00,0.00,0,0,0.00|0.00|0.00|0.00
53.772,4.031,0.004,0.007,0.004,0.00,0.00,0,0,0.00|0.01|0.01|0.00
53.789,4.026,0.004,0.006,0.003,0.00,0.00,0,0,0.00|0.01|0.00|0.00
53.806,4.017,0.003,0.006,0.003,0.00,0.00,0,0,0.01|0.00|0.00|0.00
53.822,4.008,0.002,0.012,0.005,0.00,0.00,0,0,0.01|0.01|0.00|0.00
53.839,3.999,0.002,0.013,0.006,0.00,0.00,0,0,0.01|0.01|0.00|0.00
53.858,3.988,0.002,0.017,0.007,0.00,0.00,0,0,0.02|0.01|0.00|0.00
53.872,3.977,0.002,0.019,0.008,0.00,0.00,0,0,0.02|0.01|0.00|0.00
53.889,3.964,0.002,0.016,0.010,0.00,0.00,0,0,0.02|0.01|0.00|0.01
53.905,3.944,0.002,0.018,0.011,0.00,0.00,0,0,0.02|0.02|0.00|0.01
53.922,3.928,0.002,0.026,0.011,0.00,0.00,0,0,0.03|0.01|0.00|0.00
53.939,3.918,0.002,0.015,0.007,0.00,0.00,0,0,0.01|0.01|0.00|0.00
53.956,3.911,0.005,0.063,0.019,0.00,0.00,0,0,0.06|0.01|0.00|0.00
53.973,3.898,0.007,0.033,0.014,0.00,0.00,0,0,0.03|0.02|0.00|0.00
53.989,3.889,0.007,0.012,0.006,0.00,0.00,0,0,0.01|0.01|0.00|0.00
54.006,3.876,0.007,0.028,0.009,0.00,0.00,0,0,0.03|0.01|0.00|0.00
54.022,3.861,0.007,0.022,0.007,0.00,0.00,0,0,0.02|0.01|0.00|0.00
54.039,3.847,0.006,0.003,0.001,0.00,0.00,0,0,0.00|0.00|0.00|0.00
54.057,3.834,0.005,0.003,0.001,0.00,0.00,0,0,0.00|0.00|0.00|0.00
54.073,3.821,0.004,0.009,0.004,0.00,0.00,0,0,0.01|0.01|0.00|0.00
54.089,3.803,0.004,0.027,0.008,0.00,0.00,0,0,0.00|0.03|0.00|0.00
54.106,3.789,0.004,0.025,0.009,0.00,0.00,0,0,0.00|0.03|0.01|0.00
54.123,3.777,0.004,0.011,0.005,0.00,0.00,0,0,0.01|0.00|0.00|0.00
54.139,3.761,0.005,0.035,0.014,0.00,0.00,0,0,0.01|0.01|0.03|0.00
54.157,3.744,0.004,0.018,0.009,0.00,0.00,0,0,0.00|0.02|0.01|0.00
54.173,3.732,0.004,0.016,0.009,0.00,0.00,0,0,0.01|0.02|0.01|0.00
54.189,3.718,0.004,0.010,0.004,0.00,0.00,0,0,0.00|0.01|0.00|0.00
54.206,3.705,0.004,0.008,0.004,0.00,0.00,0,0,0.00|0.01|0.00|0.00
54.223,3.691,0.003,0.010,0.005,0.00,0.00,0,0,0.00|0.01|0.00|0.00
54.239,3.678,0.003,0.011,0.005,0.00,0.00,0,0,0.01|0.01|0.00|0.00
54.256,3.665,0.003,0.013,0.005,0.00,0.00,0,0,0.01|0.01|0.00|0.00
54.273,3.651,0.002,0.006,0.002,0.00,0.00,0,0,0.00|0.01|0.00|0.00
54.290,3.640,0.003,0.035,0.013,0.00,0.00,0,0,0.03|0.01|0.00|0.01
54.306,3.627,0.002,0.012,0.007,0.00,0.00,0,0,0.00|0.01|0.00|0.01
54.323,3.606,0.005,0.045,0.015,0.00,0.00,0,0,0.05|0.01|0.00|0.00
54.340,3.585,0.004,0.008,0.004,0.00,0.00,0,0,0.01|0.01|0.00|0.00
54.357,3.565,0.004,0.008,0.003,0.00,0.00,0,0,0.01|0.00|0.00|0.00
54.373,3.546,0.005,0.023,0.007,0.00,0.00,0,0,0.02|0.00|0.00|0.00
54.390,3.527,0.004,0.014,0.005,0.00,0.00,0,0,0.01|0.00|0.00|0.00
54.406,3.512,0.004,0.007,0.003,0.00,0.00,0,0,0.00|0.01|0.00|0.00
54.423,3.498,0.003,0.012,0.005,0.00,0.00,0,0,0.01|0.01|0.00|0.00
54.440,3.485,0.003,0.017,0.007,0.00,0.00,0,0,0.01|0.02|0.00|0.00
54.457,3.469,0.003,0.006,0.003,0.00,0.00,0,0,0.00|0.01|0.00|0.00
54.473,3.450,0.003,0.030,0.010,0.00,0.00,0,0,0.01|0.03|0.00|0.00
54.490,3.432,0.003,0.011,0.005,0.00,0.00,0,0,0.01|0.01|0.00|0.00
54.507,3.414,0.005,0.038,0.013,0.00,0.00,0,0,0.00|0.04|0.01|0.00
54.523,3.393,0.004,0.013,0.007,0.00,0.00,0,0,0.01|0.01|0.00|0.00
54.540,3.370,0.004,0.005,0.003,0.00,0.00,0,0,0.00|0.00|0.00|0.00
54.557,3.349,0.004,0.025,0.008,0.00,0.00,0,0,0.00|0.02|0.01|0.00
54.573,3.329,0.004,0.016,0.005,0.00,0.00,0,0,0.00|0.02|0.00|0.00
54.591,3.309,0.004,0.008,0.004,0.00,0.00,0,0,0.00|0.01|0.00|0.00
54.607,3.290,0.003,0.010,0.005,0.00,0.00,0,0,0.01|0.01|0.00|0.00
54.624,3.273,0.003,0.010,0.003,0.00,0.00,0,0,0.00|0.01|0.00|0.00
54.641,3.256,0.003,0.025,0.008,0.00,0.00,0,0,0.02|0.01|0.00|0.00
54.657,3.242,0.003,0.014,0.006,0.00,0.00,0,0,0.01|0.01|0.00|0.00
54.674,3.225,0.004,0.029,0.009,0.00,0.00,0,0,0.03|0.00|0.00|0.00
54.690,3.204,0.005,0.015,0.008,0.00,0.00,0,0,0.01|0.01|0.00|0.01
54.707,3.180,0.005,0.010,0.007,0.00,0.00,0,0,0.01|0.01|0.00|0.01
54.728,3.152,0.004,0.006,0.004,0.00,0.00,0,0,0.01|0.00|0.00|0.00
54.741,3.125,0.004,0.011,0.003,0.00,0.00,0,0,0.01|0.00|0.00|0.00
54.757,3.100,0.003,0.006,0.002,0.00,0.00,0,0,0.00|0.01|0.00|0.00
54.774,3.079,0.003,0.009,0.003,0.00,0.00,0,0,0.00|0.01|0.00|0.00
54.791,3.059,0.002,0.013,0.006,0.00,0.00,0,0,0.01|0.01|0.00|0.00
54.807,3.041,0.002,0.014,0.006,0.00,0.00,0,0,0.01|0.01|0.00|0.00
54.824,3.023,0.003,0.018,0.006,0.00,0.00,0,0,0.00|0.02|0.00|0.00
54.841,3.003,0.003,0.016,0.007,0.00,0.00,0,0,0.01|0.02|0.00|0.00
54.857,2.982,0.002,0.008,0.004,0.00,0.00,0,0,0.01|0.00|0.00|0.00
54.874,2.958,0.003,0.022,0.007,0.00,0.00,0,0,0.01|0.02|0.00|0.00
54.891,2.934,0.003,0.007,0.004,0.00,0.00,0,0,0.01|0.00|0.01|0.00
54.907,2.912,0.003,0.016,0.006,0.00,0.00,0,0,0.01|0.02|0.00|0.00
54.924,2.885,0.002,0.004,0.002,0.00,0.00,0,0,0.00|0.00|0.00|0.00
54.941,2.856,0.002,0.003,0.001,0.00,0.00,0,0,0.00|0.00|0.00|0.00
54.958,2.829,0.003,0.017,0.005,0.00,0.00,0,0,0.00|0.02|0.00|0.00
54.974,2.803,0.003,0.011,0.003,0.00,0.00,0,0,0.00|0.01|0.00|0.00
54.991,2.778,0.002,0.005,0.002,0.00,0.00,0,0,0.00|0.00|0.00|0.00
55.007,2.755,0.002,0.009,0.003,0.00,0.00,0,0,0.01|0.00|0.00|0.00
55.025,2.732,0.003,0.018,0.006,0.00,0.00,0,0,0.02|0.01|0.00|0.00
55.041,2.713,0.002,0.003,0.001,0.00,0.00,0,0,0.00|0.00|0.00|0.00
55.058,2.689,0.002,0.001,0.001,0.00,0.00,0,0,0.00|0.00|0.00|0.00
55.074,2.663,0.002,0.009,0.003,0.00,0.00,0,0,0.01|0.00|0.00|0.00
55.091,2.638,0.002,0.008,0.002,0.00,0.00,0,0,0.01|0.00|0.00|0.00
55.108,2.612,0.002,0.006,0.002,0.00,0.00,0,0,0.01|0.00|0.00|0.00
55.125,2.586,0.001,0.002,0.001,0.00,0.00,0,0,0.00|0.00|0.00|0.00
55.141,2.560,0.001,0.003,0.002,0.00,0.00,0,0,0.00|0.00|0.00|0.00
55.158,2.531,0.001,0.005,0.002,0.00,0.00,0,0,0.00|0.00|0.00|0.00
55.174,2.503,0.001,0.005,0.002,0.00,0.00,0,0,0.00|0.01|0.00|0.00
55.191,2.476,0.002,0.010,0.003,0.00,0.00,0,0,0.00|0.01|0.00|0.00
55.208,2.450,0.002,0.010,0.003,0.00,0.00,0,0,0.00|0.01|0.00|0.00
55.225,2.425,0.002,0.011,0.004,0.00,0.00,0,0,0.00|0.01|0.00|0.00
55.241,2.400,0.002,0.012,0.004,0.00,0.00,0,0,0.00|0.01|0.00|0.00
55.258,2.375,0.002,0.012,0.004,0.00,0.00,0,0,0.01|0.01|0.00|0.00
55.279,2.350,0.002,0.011,0.005,0.00,0.00,0,0,0.01|0.01|0.00|0.00
55.291,2.325,0.002,0.009,0.004,0.00,0.00,0,0,0.01|0.01|0.00|0.00
55.308,2.298,0.001,0.005,0.002,0.00,0.00,0,0,0.01|0.00|0.00|0.00
55.325,2.270,0.001,0.013,0.006,0.00,0.00,0,0,0.00|0.01|0.01|0.00
55.341,2.242,0.001,0.009,0.005,0.00,0.00,0,0,0.00|0.01|0.01|0.00
55.358,2.214,0.001,0.005,0.003,0.00,0.00,0,0,0.00|0.01|0.00|0.00
55.378,2.187,0.001,0.008,0.004,0.00,0.00,0,0,0.00|0.01|0.00|0.00
55.391,2.158,0.001,0.003,0.001,0.00,0.00,0,0,0.00|0.00|0.00|0.00
55.409,2.125,0.001,0.003,0.002,0.00,0.00,0,0,0.00|0.00|0.00|0.00
55.427,2.095,0.001,0.009,0.003,0.00,0.00,0,0,0.00|0.01|0.00|0.00
55.442,2.065,0.001,0.007,0.003,0.00,0.00,0,0,0.00|0.01|0.00|0.00
55.458,2.036,0.002,0.006,0.003,0.00,0.00,0,0,0.01|0.00|0.00|0.00
55.478,2.008,0.002,0.011,0.004,0.00,0.00,0,0,0.01|0.00|0.00|0.00
55.492,1.982,0.001,0.001,0.000,0.00,0.00,0,0,0.00|0.00|0.00|0.00
55.508,1.954,0.001,0.001,0.001,0.00,0.00,0,0,0.00|0.00|0.00|0.00
55.525,1.925,0.002,0.014,0.004,0.00,0.00,0,0,0.01|0.00|0.00|0.00
55.542,1.895,0.001,0.007,0.002,0.00,0.00,0,0,0.01|0.00|0.00|0.00
55.559,1.864,0.001,0.001,0.001,0.00,0.00,0,0,0.00|0.00|0.00|0.00
55.578,1.834,0.001,0.002,0.001,0.00,0.00,0,0,0.00|0.00|0.00|0.00
55.592,1.804,0.001,0.002,0.001,0.00,0.00,0,0,0.00|0.00|0.00|0.00
55.609,1.773,0.001,0.002,0.001,0.00,0.00,0,0,0.00|0.00|0.00|0.00
55.625,1.744,0.001,0.003,0.001,0.00,0.00,0,0,0.00|0.00|0.00|0.00
55.642,1.714,0.001,0.014,0.004,0.00,0.00,0,0,0.00|0.00|0.01|0.00
55.659,1.674,0.001,0.012,0.006,0.00,0.00,0,0,0.00|0.00|0.01|0.01
55.678,1.641,0.009,0.121,0.041,0.00,0.00,0,0,0.00|0.00|0.12|0.04
55.692,1.601,0.008,0.011,0.006,0.00,0.00,0,0,0.00|0.01|0.01|0.00
55.709,1.563,0.009,0.058,0.018,0.00,0.00,0,0,0.00|0.00|0.06|0.01
55.725,1.524,0.008,0.043,0.021,0.00,0.00,0,0,0.00|0.01|0.03|0.04
55.742,1.485,0.008,0.029,0.011,0.00,0.00,0,0,0.00|0.01|0.03|0.01
55.759,1.445,0.012,0.085,0.030,0.00,0.00,0,0,0.00|0.00|0.03|0.08
55.776,1.399,0.014,0.066,0.031,0.00,0.00,0,0,0.00|0.04|0.02|0.07
55.792,1.359,0.013,0.096,0.046,0.00,0.00,0,0,0.00|0.07|0.01|0.10
55.809,1.313,0.013,0.067,0.032,0.00,0.00,0,0,0.00|0.03|0.03|0.07
55.826,1.270,0.019,0.088,0.040,0.00,0.00,0,0,0.01|0.06|0.00|0.09
55.843,1.227,0.015,0.082,0.041,0.00,0.00,0,0,0.00|0.08|0.03|0.05
55.859,1.184,0.014,0.052,0.035,0.00,0.00,0,0,0.00|0.05|0.05|0.04
55.878,1.138,0.014,0.105,0.073,0.00,0.00,0,0,0.01|0.11|0.10|0.08
55.893,1.089,0.012,0.102,0.057,0.00,0.00,0,0,0.01|0.06|0.10|0.06
55.909,1.048,0.020,0.129,0.064,0.00,0.00,0,0,0.00|0.10|0.13|0.03
55.926,0.990,0.028,0.115,0.060,0.00,0.00,0,0,0.01|0.05|0.12|0.06
55.943,0.938,0.032,0.116,0.050,0.00,0.00,0,0,0.12|0.06|0.01|0.01
55.959,0.884,0.035,0.063,0.044,0.00,0.00,0,0,0.06|0.03|0.06|0.02
55.979,0.830,0.031,0.042,0.030,0.00,0.00,0,0,0.02|0.03|0.03|0.04
55.993,0.778,0.029,0.087,0.038,0.00,0.00,0,0,0.09|0.01|0.03|0.02
56.009,0.715,0.026,0.052,0.019,0.00,0.00,0,0,0.01|0.01|0.05|0.01
56.026,0.653,0.021,0.047,0.027,0.00,0.00,0,0,0.05|0.01|0.04|0.01
56.043,0.597,0.018,0.045,0.028,0.00,0.00,0,0,0.05|0.00|0.03|0.03
56.059,0.540,0.016,0.046,0.031,0.00,0.00,0,0,0.02|0.04|0.05|0.01
56.077,0.476,0.015,0.049,0.038,0.00,0.00,0,0,0.05|0.04|0.03|0.03
56.093,0.411,0.015,0.040,0.017,0.00,0.00,0,0,0.04|0.02|0.00|0.01
56.110,0.347,0.013,0.035,0.021,0.00,0.00,0,0,0.03|0.01|0.02|0.02
56.126,0.280,0.014,0.028,0.019,0.00,0.00,0,0,0.02|0.03|0.01|0.01
56.143,0.214,0.012,0.012,0.007,0.00,0.00,0,0,0.01|0.00|0.01|0.01
56.160,0.140,0.012,0.042,0.013,0.00,0.00,0,0,0.00|0.00|0.04|0.01
56.177,0.071,0.011,0.010,0.006,0.00,0.00,0,0,0.00|0.00|0.01|0.00
56.193,0.003,0.010,0.015,0.009,0.00,0.00,0,0,0.01|0.01|0.01|0.00
56.210,0.065,0.012,0.026,0.020,0.00,0.00,0,0,0.03|0.03|0.02|0.01
56.226,0.116,0.016,0.053,0.033,0.00,0.00,0,0,0.05|0.04|0.03|0.01
56.243,0.139,0.021,0.071,0.039,0.00,0.00,0,0,0.07|0.04|0.03|0.02
56.260,0.134,0.025,0.080,0.039,0.00,0.00,0,0,0.08|0.04|0.03|0.01
56.277,0.108,0.025,0.054,0.029,0.00,0.00,0,0,0.05|0.03|0.02|0.01
56.293,0.069,0.024,0.041,0.019,0.00,0.00,0,0,0.04|0.02|0.01|0.01
56.310,0.021,0.021,0.018,0.008,0.00,0.00,0,0,0.02|0.01|0.00|0.00
56.327,0.024,0.017,0.008,0.004,0.00,0.00,0,0,0.01|0.00|0.00|0.00
56.344,0.058,0.017,0.035,0.017,0.00,0.00,0,0,0.04|0.01|0.01|0.01
56.360,0.080,0.019,0.048,0.028,0.00,0.00,0,0,0.05|0.04|0.01|0.01
56.377,0.087,0.022,0.057,0.033,0.00,0.00,0,0,0.06|0.05|0.02|0.01
56.394,0.080,0.023,0.046,0.028,0.00,0.00,0,0,0.05|0.04|0.01|0.01
56.410,0.064,0.023,0.037,0.022,0.00,0.00,0,0,0.04|0.03|0.01|0.01
56.427,0.039,0.022,0.031,0.017,0.00,0.00,0,0,0.02|0.03|0.01|0.01
56.444,0.013,0.019,0.020,0.007,0.00,0.00,0,0,0.00|0.02|0.00|0.01
56.461,0.012,0.016,0.015,0.007,0.00,0.00,0,0,0.01|0.01|0.00|0.00
56.477,0.032,0.015,0.031,0.013,0.00,0.00,0,0,0.03|0.01|0.01|0.00
56.494,0.046,0.032,0.236,0.109,0.00,0.00,0,0,0.13|0.02|0.24|0.06
56.510,0.012,0.034,0.066,0.041,0.00,0.00,0,0,0.07|0.06|0.02|0.02
56.527,0.015,0.034,0.137,0.065,0.00,0.00,0,0,0.01|0.05|0.14|0.06
56.545,0.033,0.039,0.185,0.077,0.00,0.00,0,0,0.05|0.03|0.19|0.04
56.561,0.049,0.035,0.072,0.026,0.00,0.00,0,0,0.07|0.01|0.02|0.01
56.577,0.057,0.039,0.080,0.055,0.00,0.00,0,0,0.07|0.05|0.08|0.03
56.594,0.073,0.041,0.068,0.050,0.00,0.00,0,0,0.07|0.03|0.07|0.03
56.611,0.074,0.049,0.094,0.080,0.00,0.00,0,0,0.09|0.07|0.07|0.08
56.627,0.085,0.055,0.093,0.081,0.00,0.00,0,0,0.07|0.09|0.08|0.08
56.644,0.093,0.064,0.127,0.102,0.00,0.00,0,0,0.08|0.12|0.08|0.13
56.662,0.102,0.074,0.141,0.111,0.00,0.00,0,0,0.09|0.14|0.07|0.14
56.678,0.115,0.084,0.162,0.127,0.00,0.00,0,0,0.09|0.16|0.09|0.16
56.694,0.128,0.094,0.169,0.135,0.00,0.00,0,0,0.11|0.16|0.10|0.17
56.711,0.143,0.105,0.173,0.147,0.00,0.00,0,0,0.13|0.16|0.13|0.17
56.728,0.157,0.116,0.169,0.158,0.00,0.00,0,0,0.15|0.17|0.15|0.17
56.745,0.170,0.124,0.164,0.160,0.00,0.00,0,0,0.16|0.16|0.16|0.16
56.761,0.181,0.134,0.191,0.174,0.00,0.00,0,0,0.18|0.16|0.19|0.16
56.777,0.189,0.143,0.196,0.177,0.00,0.00,0,0,0.20|0.16|0.20|0.16
56.795,0.195,0.151,0.211,0.183,0.00,0.00,0,0,0.20|0.16|0.21|0.16
56.811,0.200,0.159,0.219,0.194,0.00,0.00,0,0,0.22|0.18|0.20|0.17
56.827,0.202,0.168,0.222,0.204,0.00,0.00,0,0,0.22|0.19|0.22|0.18
56.845,0.205,0.176,0.226,0.207,0.00,0.00,0,0,0.20|0.20|0.23|0.19
56.861,0.207,0.183,0.218,0.210,0.00,0.00,0,0,0.21|0.22|0.21|0.20
56.878,0.209,0.188,0.229,0.210,0.00,0.00,0,0,0.21|0.23|0.21|0.19
56.894,0.212,0.194,0.239,0.220,0.00,0.00,0,0,0.20|0.23|0.20|0.24
56.911,0.217,0.200,0.239,0.222,0.00,0.00,0,0,0.21|0.24|0.20|0.24
56.928,0.223,0.206,0.245,0.229,0.00,0.17,0,0,0.22|0.25|0.22|0.23
56.944,0.230,0.211,0.242,0.233,0.00,0.34,0,0,0.23|0.24|0.22|0.24
56.961,0.238,0.216,0.245,0.236,0.00,0.50,0,0,0.25|0.23|0.23|0.23
56.978,0.244,0.221,0.259,0.242,0.00,0.67,0,0,0.26|0.23|0.25|0.23
56.996,0.250,0.225,0.265,0.243,0.00,0.84,0,0,0.27|0.23|0.25|0.23
57.011,0.256,0.229,0.258,0.243,0.00,1.00,0,0,0.25|0.23|0.26|0.23
57.028,0.257,0.232,0.263,0.248,0.00,1.00,0,0,0.26|0.23|0.26|0.24
57.045,0.257,0.235,0.273,0.248,0.00,1.00,0,0,0.27|0.23|0.25|0.24
57.062,0.256,0.239,0.264,0.256,0.00,1.00,0,0,0.26|0.24|0.26|0.26
57.078,0.258,0.245,0.288,0.267,0.00,1.00,0,0,0.26|0.25|0.29|0.27
57.096,0.259,0.249,0.278,0.265,0.00,1.00,0,0,0.26|0.28|0.25|0.27
57.112,0.263,0.252,0.285,0.266,0.00,1.00,0,0,0.26|0.29|0.25|0.27
57.129,0.268,0.256,0.291,0.274,0.00,1.00,0,0,0.26|0.29|0.25|0.29
57.145,0.273,0.260,0.293,0.276,0.00,1.00,0,0,0.26|0.29|0.25|0.29
57.162,0.278,0.264,0.294,0.279,0.00,1.00,0,0,0.27|0.29|0.26|0.29
57.178,0.281,0.269,0.305,0.290,0.00,1.00,0,0,0.28|0.30|0.27|0.31
57.195,0.288,0.274,0.303,0.293,0.00,1.00,0,0,0.29|0.30|0.28|0.30
57.212,0.299,0.280,0.309,0.305,0.00,1.00,0,0,0.30|0.31|0.30|0.31
57.229,0.311,0.286,0.318,0.311,0.00,1.00,0,0,0.30|0.31|0.32|0.32
57.247,0.321,0.291,0.328,0.313,0.00,1.00,0,0,0.31|0.29|0.33|0.32
57.262,0.326,0.297,0.333,0.322,0.00,1.00,0,0,0.32|0.31|0.33|0.32
57.278,0.331,0.303,0.339,0.325,0.00,1.00,0,0,0.32|0.32|0.34|0.32
57.295,0.332,0.307,0.345,0.328,0.00,1.00,0,0,0.31|0.33|0.35|0.32
57.312,0.335,0.313,0.345,0.337,0.00,1.00,0,0,0.34|0.34|0.34|0.32
57.328,0.339,0.318,0.352,0.339,0.00,1.00,0,0,0.35|0.34|0.35|0.32
57.345,0.345,0.323,0.353,0.342,0.00,1.00,0,0,0.35|0.35|0.34|0.33
57.362,0.350,0.329,0.370,0.355,0.00,1.00,0,0,0.35|0.35|0.37|0.34
57.379,0.358,0.335,0.366,0.363,0.00,1.00,0,0,0.36|0.36|0.37|0.36
57.396,0.365,0.341,0.375,0.365,0.00,1.00,0,0,0.38|0.37|0.35|0.36
57.412,0.371,0.347,0.381,0.370,0.00,1.00,0,0,0.38|0.36|0.37|0.37
57.429,0.375,0.351,0.383,0.370,0.00,1.00,0,0,0.36|0.36|0.38|0.37
57.445,0.376,0.355,0.380,0.373,0.00,1.00,0,0,0.36|0.37|0.38|0.37
57.462,0.378,0.359,0.391,0.377,0.00,1.00,0,0,0.39|0.36|0.39|0.37
57.479,0.381,0.364,0.393,0.383,0.00,1.00,0,0,0.39|0.37|0.39|0.39
57.496,0.385,0.368,0.404,0.388,0.00,1.00,0,0,0.38|0.40|0.37|0.39
57.513,0.391,0.373,0.406,0.395,0.00,1.00,0,0,0.39|0.41|0.40|0.38
57.529,0.400,0.380,0.418,0.407,0.00,1.00,0,0,0.40|0.42|0.40|0.40
57.546,0.410,0.388,0.460,0.422,0.00,1.00,0,0,0.41|0.43|0.39|0.46
57.563,0.422,0.394,0.439,0.421,0.00,1.00,0,0,0.42|0.44|0.40|0.42
57.579,0.431,0.403,0.457,0.437,0.00,1.00,0,0,0.43|0.46|0.41|0.45
57.596,0.438,0.409,0.461,0.434,0.00,1.00,0,0,0.41|0.44|0.42|0.46
57.617,0.442,0.413,0.451,0.434,0.00,1.00,0,0,0.41|0.43|0.45|0.45
57.629,0.446,0.420,0.458,0.449,0.00,1.00,0,0,0.45|0.45|0.45|0.46
57.646,0.451,0.427,0.460,0.455,0.00,1.00,0,0,0.45|0.46|0.45|0.45
57.663,0.458,0.432,0.469,0.456,0.00,1.00,0,0,0.46|0.47|0.46|0.43
57.679,0.463,0.437,0.472,0.457,0.00,1.00,0,0,0.47|0.46|0.46|0.43
57.696,0.470,0.443,0.491,0.471,0.00,1.00,0,0,0.49|0.45|0.47|0.46
57.717,0.479,0.450,0.507,0.480,0.00,1.00,0,0,0.51|0.45|0.49|0.47
57.729,0.485,0.455,0.497,0.473,0.00,1.00,0,0,0.49|0.46|0.50|0.45
57.746,0.486,0.457,0.510,0.470,0.00,1.00,0,0,0.45|0.45|0.51|0.46
57.763,0.483,0.463,0.510,0.486,0.00,1.00,0,0,0.51|0.46|0.50|0.47
57.779,0.484,0.465,0.493,0.477,0.00,1.00,0,0,0.49|0.46|0.47|0.49
57.796,0.484,0.472,0.520,0.500,0.00,1.00,0,0,0.48|0.52|0.50|0.50
57.816,0.489,0.477,0.526,0.499,0.00,1.00,0,0,0.47|0.53|0.51|0.49
57.829,0.498,0.484,0.563,0.513,0.00,1.00,0,0,0.49|0.53|0.46|0.56
57.846,0.511,0.490,0.559,0.519,0.00,1.00,0,0,0.50|0.55|0.47|0.56
57.863,0.520,0.497,0.565,0.524,0.00,1.00,0,0,0.49|0.56|0.49|0.55
57.880,0.527,0.500,0.555,0.514,0.00,1.00,0,0,0.46|0.52|0.52|0.56
57.897,0.528,0.507,0.546,0.535,0.00,1.00,0,0,0.55|0.52|0.53|0.54
57.913,0.534,0.513,0.552,0.538,0.00,1.00,0,0,0.54|0.55|0.54|0.52
57.930,0.546,0.518,0.555,0.542,0.00,1.00,0,0,0.55|0.55|0.56|0.51
57.946,0.555,0.523,0.578,0.546,0.00,1.00,0,0,0.58|0.53|0.55|0.52
57.963,0.563,0.529,0.596,0.555,0.00,1.00,0,0,0.60|0.51|0.57|0.55
57.980,0.567,0.535,0.610,0.561,0.00,1.00,0,0,0.61|0.52|0.59|0.53
57.997,0.568,0.538,0.607,0.549,0.00,1.00,0,0,0.55|0.52|0.61|0.51
58.013,0.565,0.541,0.599,0.555,0.00,1.00,0,0,0.58|0.52|0.60|0.53
58.030,0.561,0.544,0.592,0.558,0.00,1.00,0,0,0.59|0.54|0.55|0.55
58.047,0.560,0.548,0.588,0.569,0.00,1.00,0,0,0.55|0.59|0.58|0.56
58.063,0.561,0.554,0.610,0.579,0.00,1.00,0,0,0.54|0.61|0.58|0.58
58.080,0.567,0.560,0.662,0.584,0.00,1.00,0,0,0.55|0.62|0.50|0.66
58.097,0.577,0.564,0.651,0.584,0.00,1.00,0,0,0.53|0.65|0.51|0.64
58.113,0.584,0.569,0.632,0.590,0.00,1.00,0,0,0.51|0.63|0.59|0.63
58.130,0.587,0.573,0.639,0.592,0.00,1.00,0,0,0.57|0.60|0.56|0.64
58.147,0.591,0.578,0.642,0.601,0.00,1.00,0,0,0.59|0.64|0.59|0.58
58.164,0.605,0.585,0.634,0.612,0.00,1.00,0,0,0.62|0.63|0.61|0.58
58.180,0.619,0.591,0.650,0.620,0.00,1.00,0,18,0.65|0.59|0.62|0.62
58.197,0.633,0.596,0.674,0.618,0.00,1.00,0,46,0.67|0.56|0.64|0.59
58.213,0.639,0.602,0.688,0.628,0.00,1.00,0,78,0.69|0.57|0.68|0.58
58.230,0.643,0.604,0.687,0.614,0.00,1.00,0,112,0.65|0.56|0.69|0.56
58.247,0.642,0.607,0.688,0.622,0.00,1.00,0,147,0.67|0.56|0.69|0.57
58.264,0.638,0.611,0.671,0.628,0.00,1.00,0,180,0.67|0.61|0.64|0.58
58.281,0.634,0.616,0.666,0.641,0.00,1.00,0,212,0.63|0.65|0.67|0.62
58.297,0.634,0.621,0.702,0.643,0.00,1.00,0,240,0.61|0.67|0.59|0.70
58.314,0.634,0.626,0.705,0.646,0.00,1.00,0,266,0.59|0.71|0.59|0.71
58.330,0.636,0.631,0.707,0.653,0.00,1.00,0,289,0.57|0.71|0.63|0.70
58.347,0.636,0.635,0.705,0.655,0.00,1.00,0,309,0.61|0.70|0.60|0.70
58.368,0.643,0.639,0.728,0.660,0.00,1.00,0,327,0.62|0.73|0.62|0.67
58.381,0.656,0.648,0.710,0.683,0.00,1.00,0,342,0.68|0.71|0.64|0.70
58.397,0.674,0.653,0.709,0.676,0.00,1.00,0,355,0.68|0.65|0.67|0.71
58.414,0.689,0.658,0.740,0.681,0.00,1.00,0,366,0.74|0.63|0.70|0.65
58.431,0.700,0.662,0.744,0.681,0.00,1.00,0,376,0.71|0.63|0.74|0.64
58.447,0.709,0.666,0.757,0.686,0.00,1.00,0,384,0.75|0.62|0.76|0.62
58.464,0.713,0.668,0.750,0.677,0.00,1.00,0,391,0.75|0.63|0.73|0.59
58.481,0.713,0.674,0.735,0.700,0.00,1.00,0,397,0.73|0.67|0.74|0.67
58.498,0.711,0.677,0.723,0.693,0.00,1.00,0,402,0.70|0.68|0.67|0.72
58.514,0.708,0.685,0.744,0.719,0.00,1.00,0,406,0.68|0.74|0.74|0.72
58.531,0.704,0.690,0.751,0.715,0.00,1.00,0,410,0.69|0.72|0.69|0.75
58.547,0.702,0.695,0.786,0.715,0.00,1.00,0,413,0.69|0.79|0.68|0.70
58.565,0.705,0.703,0.805,0.739,0.00,1.00,0,415,0.68|0.80|0.68|0.79
58.581,0.717,0.711,0.790,0.744,0.00,1.00,0,417,0.73|0.77|0.69|0.79
58.598,0.727,0.716,0.755,0.742,0.00,1.00,0,419,0.75|0.74|0.72|0.74
58.614,0.740,0.720,0.760,0.739,0.00,1.00,0,421,0.73|0.71|0.75|0.76
58.631,0.746,0.725,0.768,0.746,0.00,1.00,0,422,0.76|0.75|0.77|0.71
58.648,0.759,0.728,0.784,0.744,0.00,1.00,0,423,0.78|0.74|0.76|0.70
58.665,0.770,0.735,0.784,0.768,0.00,1.00,0,439,0.78|0.73|0.78|0.78
58.681,0.776,0.737,0.765,0.748,0.00,1.00,0,466,0.75|0.73|0.76|0.75
58.698,0.777,0.743,0.829,0.771,0.00,1.00,0,498,0.77|0.73|0.83|0.76
58.717,0.774,0.749,0.808,0.776,0.00,1.00,0,540,0.81|0.78|0.78|0.74
58.731,0.777,0.753,0.814,0.772,0.00,1.00,0,588,0.78|0.81|0.76|0.73
58.748,0.779,0.762,0.833,0.800,0.00,1.00,0,641,0.78|0.80|0.78|0.83
58.765,0.785,0.767,0.803,0.793,0.00,1.00,0,699,0.79|0.80|0.77|0.80
58.781,0.792,0.772,0.813,0.797,0.00,1.00,0,760,0.78|0.79|0.81|0.81
58.798,0.795,0.779,0.829,0.807,0.00,1.00,0,823,0.80|0.80|0.79|0.83
58.815,0.799,0.783,0.848,0.804,0.00,1.00,0,889,0.81|0.85|0.78|0.78
58.831,0.808,0.790,0.866,0.819,0.00,1.00,0,958,0.78|0.83|0.79|0.87
58.848,0.816,0.792,0.850,0.803,0.00,1.00,0,1028,0.77|0.80|0.79|0.85
58.865,0.822,0.795,0.862,0.811,0.00,1.00,0,1091,0.78|0.79|0.86|0.81
58.882,0.822,0.801,0.863,0.827,0.00,1.00,0,1142,0.84|0.86|0.82|0.78
58.898,0.832,0.806,0.850,0.831,0.00,1.00,0,1182,0.85|0.84|0.82|0.82
58.915,0.841,0.813,0.866,0.847,0.00,1.00,0,1212,0.87|0.81|0.85|0.86
58.932,0.848,0.818,0.885,0.838,0.00,1.00,0,1234,0.87|0.80|0.89|0.80
58.948,0.851,0.822,0.878,0.846,0.00,1.00,0,1249,0.87|0.80|0.88|0.83
58.965,0.853,0.826,0.867,0.842,0.00,1.00,0,1259,0.87|0.86|0.84|0.80
58.982,0.852,0.831,0.866,0.859,0.00,1.00,0,1266,0.86|0.86|0.85|0.87
58.998,0.852,0.835,0.916,0.852,0.00,1.00,0,1269,0.82|0.86|0.81|0.92
59.015,0.855,0.838,0.876,0.852,0.00,1.00,0,1271,0.80|0.86|0.88|0.87
59.032,0.853,0.845,0.921,0.880,0.00,1.00,0,1270,0.87|0.92|0.85|0.87
59.048,0.860,0.847,0.913,0.860,0.00,1.00,0,1267,0.85|0.91|0.82|0.86
59.065,0.866,0.853,0.907,0.881,0.00,1.00,0,1263,0.90|0.87|0.85|0.91
59.085,0.874,0.856,0.901,0.872,0.00,1.00,0,1259,0.87|0.84|0.90|0.87
59.098,0.880,0.861,0.914,0.884,0.00,1.00,0,1254,0.89|0.88|0.91|0.86
59.115,0.888,0.862,0.898,0.869,0.00,1.00,0,1248,0.90|0.88|0.87|0.83
59.133,0.891,0.869,0.919,0.902,0.00,1.00,0,1242,0.92|0.89|0.90|0.90
59.149,0.897,0.870,0.924,0.880,0.00,1.00,0,1235,0.86|0.85|0.88|0.92
59.165,0.899,0.874,0.926,0.894,0.00,1.00,0,1229,0.87|0.89|0.93|0.89
59.185,0.895,0.880,0.943,0.908,0.00,1.00,0,1222,0.92|0.94|0.90|0.87
59.199,0.901,0.883,0.920,0.899,0.00,1.00,0,1214,0.92|0.92|0.87|0.89
59.216,0.903,0.886,0.931,0.901,0.00,1.00,0,1206,0.89|0.88|0.90|0.93
59.233,0.905,0.887,0.937,0.895,0.00,1.00,0,1198,0.89|0.87|0.94|0.88
59.249,0.904,0.893,0.938,0.926,0.00,1.00,0,1190,0.93|0.94|0.91|0.92
59.266,0.910,0.894,0.927,0.900,0.00,1.00,0,1183,0.91|0.93|0.90|0.87
59.282,0.914,0.899,0.970,0.921,0.00,1.00,0,1176,0.90|0.94|0.88|0.97
59.299,0.921,0.900,0.978,0.912,0.00,1.00,0,1169,0.86|0.88|0.93|0.98
59.316,0.920,0.907,0.963,0.939,0.00,1.00,0,1162,0.94|0.96|0.94|0.91
59.333,0.927,0.910,0.971,0.923,0.00,1.00,0,1154,0.93|0.97|0.91|0.88
59.349,0.933,0.914,0.965,0.938,0.00,1.00,0,1146,0.94|0.92|0.92|0.97
59.366,0.937,0.915,0.953,0.922,0.00,1.00,0,1139,0.94|0.88|0.95|0.92
59.382,0.939,0.918,0.981,0.934,0.00,1.00,0,1131,0.95|0.91|0.98|0.89
59.399,0.943,0.921,0.970,0.938,0.00,1.00,0,1124,0.97|0.94|0.93|0.91
59.417,0.944,0.925,0.950,0.945,0.00,1.00,0,1118,0.95|0.95|0.94|0.95
59.433,0.946,0.926,0.995,0.933,0.00,1.00,0,1112,0.89|0.91|0.94|0.99
59.449,0.947,0.930,0.977,0.954,0.00,1.00,0,1106,0.95|0.94|0.95|0.98
59.466,0.945,0.936,1.016,0.962,0.00,1.00,0,1100,0.96|1.02|0.95|0.92
59.483,0.952,0.940,0.990,0.959,0.00,1.00,0,1094,0.95|0.99|0.91|0.99
59.499,0.956,0.942,0.977,0.955,0.00,1.00,0,1088,0.96|0.92|0.96|0.98
59.516,0.958,0.942,0.991,0.949,0.00,1.00,0,1082,0.95|0.93|0.99|0.92
59.533,0.962,0.948,0.996,0.975,0.00,1.00,0,1076,0.98|1.00|0.95|0.97
59.549,0.968,0.951,0.978,0.968,0.00,1.00,0,1071,0.97|0.97|0.98|0.95
59.566,0.970,0.951,1.008,0.954,0.00,1.00,0,1066,0.92|0.94|0.94|1.01
59.583,0.975,0.955,1.009,0.978,0.00,1.00,0,1061,0.96|0.95|0.99|1.01
59.600,0.973,0.960,1.030,0.987,0.00,1.00,0,1056,1.00|1.03|0.99|0.93
59.617,0.980,0.964,1.014,0.983,0.00,1.00,0,1051,0.99|1.01|0.94|0.99
59.633,0.984,0.966,1.006,0.981,0.00,1.00,0,1046,0.99|0.94|0.99|1.01
59.650,0.986,0.967,1.031,0.975,0.00,1.00,0,1041,0.99|0.94|1.03|0.94
59.666,0.987,0.973,1.027,1.004,0.00,1.00,0,1037,1.01|1.03|0.98|1.00
59.683,0.992,0.975,0.997,0.989,0.00,1.00,0,1032,0.99|1.00|1.00|0.97
59.700,0.992,0.975,1.032,0.977,0.00,1.00,0,1027,0.94|0.97|0.97|1.03
59.717,0.995,0.980,1.042,1.004,0.00,1.00,0,1022,0.98|0.99|1.01|1.04
59.733,0.993,0.984,1.064,1.007,0.00,1.00,0,1017,1.01|1.06|1.00|0.96
59.750,1.002,0.989,1.041,1.012,0.00,1.00,0,1012,1.01|1.04|0.96|1.04
59.767,1.006,0.991,1.024,1.004,0.00,1.00,0,1008,1.01|0.96|1.02|1.02
59.783,1.009,0.992,1.046,1.001,0.00,1.00,0,1003,1.02|0.98|1.05|0.96
59.800,1.012,0.996,1.049,1.018,0.00,1.00,0,999,1.03|1.05|1.00|1.00
59.817,1.017,0.999,1.024,1.017,0.00,1.00,0,996,1.01|1.02|1.01|1.02
59.833,1.018,0.998,1.046,1.001,0.00,1.00,0,992,0.96|0.97|1.04|1.05
59.850,1.019,1.003,1.039,1.024,0.00,1.00,0,988,1.03|1.04|1.01|1.02
59.871,1.019,1.006,1.074,1.027,0.00,1.00,0,985,1.03|1.07|1.02|0.99
59.884,1.028,1.011,1.068,1.035,0.00,1.00,0,981,1.05|1.03|1.00|1.07
59.900,1.029,1.012,1.073,1.021,0.00,1.00,0,978,1.02|0.98|1.07|1.01
59.917,1.030,1.017,1.063,1.041,0.00,1.00,0,974,1.04|1.03|1.06|1.02
59.934,1.034,1.018,1.055,1.027,0.00,1.00,0,971,1.04|1.06|1.02|0.99
59.950,1.037,1.019,1.071,1.029,0.00,1.00,0,967,1.02|1.04|0.99|1.07
59.970,1.039,1.022,1.094,1.039,0.00,1.00,0,963,0.98|0.99|1.09|1.09
59.984,1.035,1.026,1.111,1.049,0.00,1.00,0,959,1.06|1.11|1.02|1.01
60.000,1.044,1.030,1.082,1.052,0.00,1.00,0,956,1.06|1.08|1.00|1.07
60.017,1.049,1.033,1.084,1.051,0.00,1.00,0,951,1.08|1.00|1.06|1.06
60.034,1.049,1.034,1.082,1.041,0.00,1.00,0,947,1.06|1.00|1.08|1.02
60.051,1.051,1.037,1.098,1.054,0.00,1.00,0,943,1.06|1.10|1.05|1.02
60.070,1.056,1.041,1.086,1.064,0.00,1.00,0,939,1.05|1.07|1.04|1.09
60.084,1.057,1.040,1.089,1.043,0.00,1.00,0,935,1.00|1.00|1.09|1.08
60.101,1.058,1.044,1.079,1.064,0.00,1.00,0,932,1.07|1.08|1.05|1.05
60.117,1.055,1.047,1.120,1.064,0.00,1.00,0,929,1.06|1.12|1.04|1.04
60.134,1.065,1.050,1.104,1.067,0.00,1.00,0,926,1.10|1.03|1.04|1.10
60.151,1.064,1.050,1.114,1.058,0.00,1.00,0,923,1.06|1.01|1.11|1.05
60.170,1.065,1.054,1.099,1.076,0.00,1.00,0,919,1.07|1.10|1.07|1.06
60.184,1.069,1.056,1.079,1.067,0.00,1.00,0,916,1.07|1.08|1.07|1.05
60.201,1.069,1.055,1.108,1.056,0.00,1.00,0,913,1.03|1.04|1.05|1.11
60.218,1.074,1.058,1.111,1.076,0.00,1.00,0,911,1.04|1.06|1.11|1.09
60.234,1.067,1.061,1.153,1.080,0.00,1.00,0,908,1.08|1.15|1.06|1.03
60.251,1.075,1.063,1.121,1.078,0.00,1.00,0,904,1.11|1.06|1.02|1.12
60.268,1.076,1.063,1.136,1.067,0.00,1.00,0,901,1.06|1.01|1.14|1.07
60.285,1.074,1.067,1.101,1.088,0.00,1.00,0,897,1.09|1.10|1.10|1.06
60.301,1.079,1.066,1.088,1.069,0.00,1.00,0,894,1.09|1.09|1.07|1.03
60.318,1.080,1.067,1.127,1.076,0.00,1.00,0,891,1.07|1.06|1.05|1.13
60.334,1.085,1.069,1.134,1.083,0.00,1.00,0,888,1.02|1.06|1.13|1.12
60.351,1.078,1.072,1.161,1.089,0.00,1.00,0,885,1.09|1.16|1.06|1.04
60.368,1.086,1.074,1.128,1.090,0.00,1.00,0,883,1.12|1.08|1.03|1.13
60.385,1.086,1.073,1.130,1.075,0.00,1.00,0,880,1.06|1.02|1.13|1.09
60.401,1.082,1.075,1.110,1.087,0.00,1.00,0,878,1.10|1.09|1.11|1.05
60.418,1.085,1.074,1.099,1.075,0.00,1.00,0,876,1.10|1.10|1.06|1.04
60.434,1.087,1.076,1.140,1.093,0.00,1.00,0,873,1.08|1.10|1.05|1.14
60.452,1.090,1.077,1.137,1.088,0.00,1.00,0,870,1.04|1.06|1.14|1.12
60.468,1.087,1.080,1.161,1.096,0.00,1.00,0,867,1.11|1.16|1.07|1.05
60.485,1.092,1.083,1.120,1.101,0.00,1.00,0,864,1.12|1.12|1.05|1.12
60.501,1.096,1.081,1.111,1.081,0.00,1.00,0,861,1.08|1.02|1.11|1.11
60.518,1.091,1.082,1.130,1.089,0.00,1.00,0,858,1.10|1.08|1.13|1.04
60.537,1.094,1.082,1.126,1.091,0.00,1.00,0,855,1.11|1.13|1.08|1.05
60.551,1.096,1.086,1.146,1.105,0.00,1.00,0,853,1.09|1.11|1.07|1.15
60.569,1.098,1.086,1.148,1.092,0.00,1.00,0,851,1.04|1.05|1.15|1.13
60.585,1.097,1.089,1.156,1.106,0.00,1.00,0,849,1.12|1.16|1.08|1.07
60.601,1.100,1.092,1.143,1.110,0.00,1.00,0,848,1.12|1.14|1.07|1.11
60.618,1.105,1.090,1.131,1.092,0.00,1.00,0,846,1.11|1.04|1.09|1.13
60.635,1.100,1.091,1.147,1.098,0.00,1.00,0,845,1.11|1.08|1.15|1.06
60.652,1.102,1.093,1.150,1.107,0.00,1.00,0,844,1.12|1.15|1.09|1.06
60.669,1.105,1.095,1.146,1.110,0.00,1.00,0,842,1.10|1.12|1.08|1.15
60.685,1.106,1.094,1.150,1.097,0.00,1.00,0,841,1.05|1.05|1.15|1.14
60.702,1.106,1.097,1.160,1.115,0.00,1.00,0,839,1.12|1.16|1.09|1.08
60.718,1.108,1.100,1.160,1.116,0.00,1.00,0,837,1.13|1.16|1.08|1.10
60.735,1.114,1.100,1.152,1.108,0.00,1.00,0,835,1.14|1.05|1.09|1.15
60.752,1.111,1.100,1.164,1.107,0.00,1.00,0,833,1.11|1.08|1.16|1.07
60.769,1.111,1.103,1.168,1.121,0.00,1.00,0,831,1.13|1.17|1.11|1.07
60.785,1.115,1.105,1.148,1.116,0.00,1.00,0,830,1.11|1.12|1.09|1.15
60.802,1.116,1.103,1.159,1.105,0.00,1.00,0,828,1.05|1.06|1.16|1.15
60.819,1.115,1.106,1.169,1.125,0.00,1.00,0,827,1.13|1.17|1.11|1.09
60.835,1.117,1.109,1.171,1.127,0.00,1.00,0,826,1.14|1.17|1.08|1.12
60.852,1.123,1.109,1.159,1.117,0.00,1.00,0,825,1.15|1.06|1.10|1.16
60.869,1.121,1.110,1.174,1.117,0.00,1.00,0,824,1.12|1.09|1.17|1.08
60.886,1.120,1.113,1.179,1.132,0.00,1.00,0,823,1.14|1.18|1.12|1.09
60.902,1.124,1.114,1.163,1.125,0.00,1.00,0,822,1.12|1.13|1.09|1.16
60.919,1.125,1.113,1.173,1.114,0.00,1.00,0,820,1.06|1.07|1.17|1.16
60.935,1.124,1.115,1.180,1.133,0.00,1.00,0,819,1.14|1.18|1.12|1.09
60.953,1.127,1.119,1.176,1.141,0.00,1.00,0,818,1.15|1.18|1.09|1.15
60.970,1.133,1.119,1.159,1.123,0.00,1.00,0,817,1.16|1.06|1.12|1.15
60.986,1.130,1.119,1.180,1.128,0.00,1.00,0,815,1.14|1.11|1.18|1.09
61.003,1.130,1.121,1.185,1.136,0.00,1.00,0,814,1.15|1.18|1.13|1.08
61.021,1.133,1.122,1.181,1.134,0.00,1.00,0,812,1.13|1.14|1.09|1.18
61.054,1.134,1.123,1.200,1.130,0.00,1.00,0,811,1.07|1.08|1.20|1.17
61.087,1.132,1.125,1.201,1.139,0.00,1.00,0,809,1.15|1.20|1.12|1.09
61.122,1.137,1.129,1.180,1.153,0.00,1.00,0,807,1.16|1.17|1.09|1.18
61.154,1.142,1.127,1.166,1.125,0.00,1.00,0,806,1.13|1.06|1.17|1.15
61.187,1.137,1.130,1.163,1.148,0.00,1.00,0,804,1.16|1.16|1.16|1.11
61.220,1.141,1.128,1.156,1.130,0.00,1.00,0,804,1.13|1.15|1.09|1.16
61.254,1.140,1.127,1.198,1.130,0.00,1.00,0,802,1.07|1.08|1.20|1.18
61.287,1.139,1.129,1.218,1.141,0.00,1.00,0,801,1.15|1.22|1.11|1.09
61.321,1.145,1.132,1.205,1.151,0.00,1.00,0,800,1.20|1.10|1.10|1.20
61.354,1.142,1.134,1.175,1.148,0.00,1.00,0,798,1.15|1.16|1.18|1.10
61.387,1.145,1.133,1.169,1.137,0.00,1.00,0,797,1.13|1.15|1.10|1.17
61.420,1.146,1.135,1.216,1.151,0.00,1.00,0,795,1.09|1.12|1.22|1.17
61.454,1.144,1.136,1.178,1.144,0.00,1.00,0,793,1.16|1.18|1.10|1.14
61.487,1.147,1.133,1.208,1.131,0.00,1.00,0,791,1.11|1.07|1.21|1.13
61.521,1.144,1.134,1.183,1.144,0.00,1.00,0,790,1.16|1.18|1.14|1.09
61.554,1.146,1.132,1.180,1.132,0.00,1.00,0,789,1.07|1.10|1.18|1.18
61.587,1.144,1.133,1.219,1.141,0.00,1.00,0,787,1.15|1.22|1.11|1.09
61.620,1.150,1.130,1.189,1.128,0.00,1.00,0,786,1.12|1.05|1.19|1.15
61.654,1.145,1.132,1.179,1.146,0.00,1.00,0,786,1.17|1.18|1.14|1.10
61.687,1.147,1.131,1.180,1.135,0.00,1.00,0,785,1.07|1.11|1.18|1.18
61.720,1.145,1.133,1.202,1.144,0.00,1.00,0,783,1.17|1.20|1.10|1.10
61.754,1.150,1.131,1.208,1.131,0.00,1.00,0,781,1.12|1.06|1.21|1.13
61.787,1.146,1.130,1.167,1.136,0.00,1.00,0,779,1.15|1.17|1.12|1.11
61.820,1.146,1.134,1.219,1.154,0.00,1.00,0,778,1.10|1.13|1.22|1.17
61.854,1.148,1.136,1.179,1.153,0.00,1.00,0,777,1.18|1.15|1.10|1.18
61.887,1.147,1.137,1.200,1.146,0.00,1.00,0,776,1.14|1.14|1.20|1.10
61.920,1.147,1.137,1.190,1.144,0.00,1.00,0,775,1.14|1.16|1.09|1.19
61.954,1.147,1.140,1.185,1.162,0.00,1.00,0,774,1.16|1.18|1.18|1.13
61.987,1.151,1.142,1.215,1.158,0.00,1.00,0,772,1.20|1.11|1.10|1.22
62.020,1.146,1.145,1.199,1.161,0.00,1.00,0,771,1.17|1.20|1.17|1.10
62.054,1.146,1.141,1.194,1.133,0.00,1.00,0,771,1.10|1.10|1.14|1.19
62.087,1.145,1.140,1.216,1.141,0.00,1.00,0,770,1.15|1.22|1.11|1.09
62.120,1.152,1.137,1.212,1.134,0.00,1.00,0,769,1.12|1.07|1.21|1.13
62.154,1.149,1.135,1.161,1.133,0.00,1.00,0,769,1.13|1.16|1.10|1.13
62.187,1.148,1.139,1.219,1.164,0.00,1.00,0,769,1.14|1.15|1.22|1.14
62.220,1.151,1.143,1.229,1.166,0.00,1.00,0,767,1.20|1.13|1.11|1.23
62.254,1.147,1.145,1.186,1.160,0.00,1.00,0,767,1.17|1.19|1.18|1.11
62.287,1.146,1.141,1.198,1.133,0.00,1.00,0,767,1.11|1.11|1.12|1.20
62.321,1.144,1.140,1.218,1.142,0.00,1.00,0,766,1.15|1.22|1.11|1.09
62.354,1.151,1.137,1.203,1.131,0.00,1.00,0,764,1.12|1.07|1.20|1.13
62.387,1.146,1.134,1.160,1.131,0.00,1.00,0,762,1.13|1.16|1.10|1.14
62.420,1.144,1.138,1.209,1.159,0.00,1.00,0,760,1.14|1.15|1.21|1.14
62.454,1.146,1.140,1.217,1.158,0.00,1.00,0,757,1.20|1.12|1.10|1.22
62.487,1.140,1.141,1.180,1.152,0.00,1.00,0,756,1.17|1.18|1.17|1.09
62.520,1.137,1.136,1.184,1.125,0.00,1.00,0,754,1.10|1.09|1.13|1.18
62.554,1.134,1.133,1.185,1.127,0.00,1.00,0,752,1.14|1.18|1.10|1.08
62.587,1.135,1.130,1.203,1.125,0.00,1.00,0,752,1.10|1.09|1.20|1.11
62.620,1.132,1.126,1.142,1.117,0.00,1.00,0,752,1.12|1.13|1.08|1.14
62.654,1.129,1.129,1.179,1.148,0.00,1.00,0,752,1.13|1.16|1.18|1.13
62.687,1.130,1.129,1.194,1.137,0.00,1.00,0,752,1.18|1.10|1.08|1.19
62.721,1.122,1.129,1.163,1.137,0.00,1.00,0,752,1.15|1.16|1.15|1.08
62.754,1.119,1.123,1.165,1.104,0.00,1.00,0,753,1.06|1.09|1.11|1.16
62.787,1.116,1.120,1.156,1.114,0.00,1.00,0,753,1.14|1.16|1.08|1.08
62.820,1.116,1.116,1.183,1.110,0.00,1.00,0,752,1.09|1.08|1.18|1.09
62.854,1.113,1.111,1.115,1.095,0.00,1.00,0,752,1.09|1.11|1.06|1.11
62.887,1.110,1.113,1.161,1.129,0.00,1.00,0,752,1.11|1.13|1.16|1.11
62.920,1.112,1.112,1.172,1.116,0.00,1.00,0,750,1.16|1.08|1.06|1.17
62.954,1.104,1.112,1.141,1.120,0.00,1.00,0,748,1.13|1.14|1.13|1.07
62.987,1.100,1.106,1.154,1.089,0.00,1.00,0,746,1.06|1.07|1.07|1.15
63.020,1.098,1.104,1.163,1.101,0.00,1.00,0,745,1.11|1.16|1.07|1.06
63.054,1.099,1.099,1.155,1.086,0.00,1.00,0,743,1.07|1.04|1.15|1.08
63.087,1.096,1.092,1.094,1.071,0.00,1.00,0,743,1.07|1.09|1.06|1.05
63.120,1.092,1.093,1.158,1.105,0.00,1.00,0,742,1.08|1.09|1.16|1.10
63.154,1.094,1.093,1.156,1.102,0.00,1.00,0,743,1.13|1.07|1.05|1.16
63.188,1.085,1.093,1.115,1.099,0.00,1.00,0,743,1.11|1.11|1.11|1.05
63.220,1.082,1.088,1.153,1.078,0.00,1.00,0,743,1.06|1.06|1.03|1.15
63.254,1.078,1.087,1.152,1.089,0.00,1.00,0,743,1.09|1.15|1.06|1.05
63.287,1.083,1.079,1.090,1.055,0.00,1.00,0,743,1.06|1.00|1.09|1.07
63.320,1.077,1.075,1.093,1.067,0.00,1.00,0,742,1.08|1.09|1.09|1.01
63.354,1.074,1.073,1.114,1.070,0.00,1.00,0,742,1.02|1.05|1.11|1.10
63.387,1.073,1.073,1.103,1.080,0.00,1.00,0,743,1.10|1.08|1.04|1.09
63.420,1.066,1.072,1.112,1.076,0.00,1.00,0,743,1.08|1.08|1.11|1.04
63.454,1.065,1.069,1.104,1.065,0.00,1.00,0,742,1.07|1.07|1.01|1.10
63.487,1.061,1.070,1.102,1.082,0.00,1.00,0,742,1.07|1.10|1.10|1.05
63.520,1.065,1.066,1.103,1.058,0.00,1.00,0,743,1.09|1.02|1.02|1.10
63.554,1.056,1.065,1.087,1.068,0.00,1.00,0,743,1.08|1.08|1.09|1.03
63.587,1.052,1.059,1.109,1.038,0.00,1.00,0,742,1.02|1.02|1.01|1.11
63.620,1.046,1.056,1.114,1.054,0.00,1.00,0,741,1.05|1.11|1.03|1.02
63.654,1.048,1.048,1.054,1.022,0.00,1.00,0,741,1.03|0.97|1.05|1.04
63.687,1.042,1.045,1.070,1.037,0.00,1.00,0,740,1.05|1.05|1.07|0.98
63.720,1.040,1.040,1.064,1.028,0.00,1.00,0,740,0.97|1.02|1.06|1.06
63.754,1.037,1.039,1.067,1.041,0.00,1.00,0,741,1.07|1.05|1.02|1.03
63.787,1.031,1.037,1.068,1.036,0.00,1.00,0,740,1.03|1.03|1.07|1.01
63.821,1.029,1.032,1.031,1.019,0.00,1.00,0,741,1.03|1.03|1.00|1.02
63.854,1.024,1.033,1.090,1.047,0.00,1.00,0,740,1.02|1.04|1.09|1.04
63.887,1.026,1.030,1.060,1.025,0.00,1.00,0,741,1.05|1.00|0.99|1.06
63.921,1.016,1.028,1.049,1.024,0.00,1.00,0,740,1.03|1.04|1.05|0.97
63.954,1.015,1.024,1.072,1.017,0.00,1.00,0,739,1.01|1.02|0.97|1.07
63.987,1.007,1.025,1.063,1.034,0.00,1.00,0,739,1.02|1.06|1.04|1.01
64.021,1.012,1.019,1.048,1.005,0.00,1.00,0,739,1.02|0.97|0.98|1.05
64.054,1.004,1.016,1.045,1.010,0.00,1.00,0,739,1.02|1.02|1.04|0.95
64.087,1.002,1.010,1.062,0.994,0.00,1.00,0,739,0.98|0.98|0.95|1.06
64.121,0.993,1.009,1.059,1.009,0.00,1.00,0,739,1.01|1.06|0.99|0.98
64.154,0.999,1.003,1.025,0.986,0.00,1.00,0,739,1.00|0.95|0.97|1.03
64.187,0.991,1.001,1.036,1.000,0.00,1.00,0,738,1.01|1.01|1.04|0.94
64.221,0.989,0.993,1.038,0.970,0.00,1.00,0,737,0.96|0.96|0.93|1.04
64.254,0.980,0.991,1.039,0.990,0.00,1.00,0,735,0.98|1.04|0.96|0.97
64.287,0.985,0.986,0.999,0.969,0.00,1.00,0,733,0.99|0.93|0.96|1.00
64.321,0.979,0.985,1.021,0.987,0.00,1.00,0,731,1.00|0.99|1.02|0.93
64.354,0.975,0.977,1.019,0.953,0.00,1.00,0,731,0.94|0.94|0.92|1.02
64.387,0.966,0.975,1.022,0.974,0.00,1.00,0,730,0.97|1.02|0.95|0.96
64.421,0.971,0.970,0.982,0.954,0.00,1.00,0,730,0.97|0.92|0.95|0.98
64.454,0.965,0.969,1.005,0.973,0.00,1.00,0,730,0.99|0.97|1.01|0.92
64.487,0.962,0.962,1.008,0.941,0.00,1.00,0,730,0.92|0.93|0.90|1.01
64.521,0.952,0.961,1.007,0.962,0.00,1.00,0,730,0.96|1.01|0.94|0.95
64.554,0.957,0.956,0.969,0.942,0.00,1.00,0,730,0.96|0.91|0.93|0.97
64.587,0.951,0.956,0.994,0.960,0.00,1.00,0,731,0.97|0.96|0.99|0.91
64.621,0.948,0.950,0.998,0.933,0.00,1.00,0,731,0.92|0.93|0.89|1.00
64.654,0.938,0.950,0.993,0.953,0.00,1.00,0,731,0.95|0.99|0.94|0.93
64.687,0.943,0.946,0.977,0.937,0.00,1.00,0,731,0.95|0.90|0.92|0.98
64.721,0.937,0.944,0.983,0.943,0.00,1.00,0,730,0.95|0.94|0.98|0.89
64.754,0.934,0.939,0.975,0.925,0.00,1.00,0,729,0.92|0.92|0.89|0.97
64.787,0.922,0.940,0.980,0.948,0.00,1.00,0,728,0.95|0.98|0.95|0.92
64.821,0.927,0.936,0.972,0.928,0.00,1.00,0,726,0.93|0.90|0.90|0.97
64.854,0.919,0.933,0.963,0.925,0.00,1.00,0,724,0.93|0.93|0.96|0.88
64.887,0.917,0.928,0.925,0.915,0.00,1.00,0,723,0.93|0.92|0.89|0.92
64.921,0.908,0.928,0.963,0.932,0.00,1.00,0,722,0.90|0.94|0.96|0.92
64.954,0.910,0.923,0.916,0.908,0.00,1.00,0,722,0.92|0.90|0.90|0.91
64.987,0.906,0.918,0.913,0.902,0.00,1.00,0,723,0.90|0.90|0.91|0.89